Ticker,EnglishName,KoreanName,Sector
NVDA,NVIDIA Corp,엔비디아,Technology
AAPL,Apple Inc,애플,Technology
MSFT,Microsoft Corp,마이크로소프트,Technology
AMZN,Amazon.com Inc,아마존,Consumer Cyclical
GOOGL,Alphabet Inc Class A,알파벳,Communication Services
GOOG,Alphabet Inc Class C,알파벳,Communication Services
AVGO,Broadcom Inc,브로드컴,Technology
META,Meta Platforms Inc,메타,Communication Services
TSLA,Tesla Inc,테슬라,Consumer Cyclical
WMT,Walmart Inc,월마트,Consumer Defensive
ASML,ASML Holding NV ADR,에이에스엠엘,Technology
COST,Costco Wholesale Corp,코스트코,Consumer Defensive
MU,Micron Technology Inc,마이크론,Technology
NFLX,Netflix Inc,넷플릭스,Communication Services
AMD,Advanced Micro Devices Inc,에이엠디,Technology
PLTR,Palantir Technologies Inc,팔란티어,Technology
CSCO,Cisco Systems Inc,시스코,Technology
AMAT,Applied Materials Inc,어플라이드 머티리얼즈,Technology
LRCX,Lam Research Corp,램리서치,Technology
INTC,Intel Corp,인텔,Technology
LIN,Linde PLC,린데,Basic Materials
TMUS,T-Mobile US Inc,티모바일 US,Communication Services
PEP,PepsiCo Inc,펩시코,Consumer Defensive
KLAC,KLA Corp,케이엘에이,Technology
AMGN,Amgen Inc,암젠,Healthcare
TXN,Texas Instruments Inc,텍사스 인스트루먼트,Technology
GILD,Gilead Sciences Inc,길리어드 사이언스,Healthcare
ISRG,Intuitive Surgical Inc,인튜이티브 서지컬,Healthcare
ADI,Analog Devices Inc,아날로그 디바이시스,Technology
ARM,Arm Holdings PLC ADR,암 홀딩스,Technology
SHOP,Shopify Inc,쇼피파이,Technology
HON,Honeywell International Inc,허니웰,Industrials
PDD,PDD Holdings Inc ADR,PDD 홀딩스,Consumer Cyclical
APP,Applovin Corp,앱러빈,Communication Services
PANW,Palo Alto Networks Inc,팔로알토 네트웍스,Technology
BKNG,Booking Holdings Inc,부킹 홀딩스,Consumer Cyclical
QCOM,Qualcomm Inc,퀄컴,Technology
IBKR,Interactive Brokers Group Inc,인터랙티브 브로커스,Financial Services
INTU,Intuit Inc,인튜이트,Technology
SNY,Sanofi SA ADR,사노피,Healthcare
CME,CME Group Inc,씨엠이 그룹,Financial Services
VRTX,Vertex Pharmaceuticals Inc,버텍스 파마슈티컬스,Healthcare
SBUX,Starbucks Corp,스타벅스,Consumer Cyclical
CRWD,CrowdStrike Holdings Inc,크라우드스트라이크,Technology
WDC,Western Digital Corp,웨스턴 디지털,Technology
STX,Seagate Technology Holdings PLC,씨게이트 테크놀로지,Technology
SNDK,Sandisk Corp,샌디스크,Technology
CMCSA,Comcast Corp,컴캐스트,Communication Services
EQIX,Equinix Inc,에퀴닉스,Real Estate
CEG,Constellation Energy Corp,컨스텔레이션 에너지,Utilities
ADBE,Adobe Inc,어도비,Technology
MRVL,Marvell Technology Inc,마벨 테크놀로지,Technology
MELI,MercadoLibre Inc,메르카도리브레,Consumer Cyclical
MAR,Marriott International Inc,메리어트 인터내셔널,Consumer Cyclical
ADP,Automatic Data Processing Inc,오토매틱 데이터 프로세싱,Technology
REGN,Regeneron Pharmaceuticals Inc,리제네론 파마슈티컬스,Healthcare
CDNS,Cadence Design Systems Inc,케이던스 디자인 시스템즈,Technology
CSX,CSX Corp,씨에스엑스,Industrials
ORLY,O'Reilly Automotive Inc,오라일리 오토모티브,Consumer Cyclical
SNPS,Synopsys Inc,시놉시스,Technology
ABNB,Airbnb Inc,에어비앤비,Consumer Cyclical
MDLZ,Mondelez International Inc,몬델리즈 인터내셔널,Consumer Defensive
AEP,American Electric Power Company Inc,아메리칸 일렉트릭 파워,Utilities
NTES,NetEase Inc ADR,넷이즈,Communication Services
MNST,Monster Beverage Corp,몬스터 베버리지,Consumer Defensive
ROST,Ross Stores Inc,로스 스토어스,Consumer Cyclical
WBD,Warner Bros Discovery Inc,워너 브라더스 디스커버리,Communication Services
CTAS,Cintas Corp,신타스,Industrials
DASH,DoorDash Inc,도어대시,Consumer Cyclical
HOOD,Robinhood Markets Inc,로빈후드 마켓츠,Financial Services
PCAR,Paccar Inc,파카,Industrials
FTNT,Fortinet Inc,포티넷,Technology
BKR,Baker Hughes Co,베이커 휴즈,Energy
MPWR,Monolithic Power Systems Inc,모놀리식 파워 시스템즈,Technology
LITE,Lumentum Holdings Inc,루멘텀 홀딩스,Technology
MDLN,Medline Inc,메드라인,Healthcare
FANG,Diamondback Energy Inc,다이아몬드백 에너지,Energy
FAST,Fastenal Co,패스널,Industrials
EA,Electronic Arts Inc,일렉트로닉 아츠,Communication Services
XEL,Xcel Energy Inc,엑셀 에너지,Utilities
EXC,Exelon Corp,엑셀론,Utilities
TER,Teradyne Inc,테라다인,Technology
ADSK,Autodesk Inc,오토데스크,Technology
NXPI,NXP Semiconductors NV,NXP 반도체,Technology
NDAQ,Nasdaq Inc,나스닥,Financial Services
FER,Ferrovial SE,페로비알,Industrials
ARGX,argenx SE ADR,아젠엑스,Healthcare
COIN,Coinbase Global Inc,코인베이스,Financial Services
IDXX,IDEXX Laboratories Inc,아이덱스 래버러토리스,Healthcare
JD,JD.com Inc ADR,징둥닷컴,Consumer Cyclical
CRWV,CoreWeave Inc,코어위브,Technology
FITB,Fifth Third Bancorp,피프스 서드 뱅코프,Financial Services
EBAY,eBay Inc,이베이,Consumer Cyclical
MSTR,Strategy Inc,스트래티지,Technology
ALNY,Alnylam Pharmaceuticals Inc,앨나일람 파마슈티컬스,Healthcare
ESLT,Elbit Systems Ltd,엘빗 시스템즈,Industrials
CCEP,Coca-Cola Europacific Partners PLC,코카콜라 유로퍼시픽 파트너스,Consumer Defensive
ODFL,Old Dominion Freight Line Inc,올드 도미니언 프레이트 라인,Industrials
PYPL,PayPal Holdings Inc,페이팔,Financial Services
DDOG,Datadog Inc,데이터독,Technology
TRI,Thomson Reuters Corp,톰슨로이터,Industrials
RKLB,Rocket Lab Corp,로켓랩,Industrials
BIDU,Baidu Inc ADR,바이두,Communication Services
ROP,Roper Technologies Inc,로퍼 테크놀로지스,Technology
TTWO,Take-Two Interactive Software Inc,테이크투 인터랙티브 소프트웨어,Communication Services
MCHP,Microchip Technology Inc,마이크로칩 테크놀로지,Technology
SATS,EchoStar Corp,에코스타,Communication Services
ASTS,AST SpaceMobile Inc,AST 스페이스모바일,Technology
ERIC,Telefonaktiebolaget LM Ericsson ADR,에릭슨,Technology
VOD,Vodafone Group PLC ADR,보다폰,Communication Services
INSM,Insmed Inc,인스메드,Healthcare
KDP,Keurig Dr Pepper Inc,큐리그 닥터페퍼,Consumer Defensive
ACGL,Arch Capital Group Ltd,아치 캐피털 그룹,Financial Services
ONC,BeOne Medicines AG ADR,비원 메디슨스,Healthcare
TCOM,Trip.com Group Ltd ADR,트립닷컴 그룹,Consumer Cyclical
PAYX,Paychex Inc,페이첵스,Technology
WDAY,Workday Inc,워크데이,Technology
HBAN,Huntington Bancshares Inc,헌팅턴 뱅크셰어스,Financial Services
CPRT,Copart Inc,코파트,Industrials
GEHC,GE Healthcare Technologies Inc,GE 헬스케어 테크놀로지스,Healthcare
CHTR,Charter Communications Inc,차터 커뮤니케이션즈,Communication Services
SYM,Symbotic Inc,심보틱,Industrials
KMB,Kimberly-Clark Corp,킴벌리클라크,Consumer Defensive
RYAAY,Ryanair Holdings PLC ADR,라이언에어 홀딩스,Industrials
AXON,Axon Enterprise Inc,액손 엔터프라이즈,Industrials
NBIS,Nebius Group NV,네비우스 그룹,Communication Services
NTRA,Natera Inc,나테라,Healthcare
FISV,Fiserv Inc,파이서브,Unknown
CTSH,Cognizant Technology Solutions Corp,코그니전트 테크놀로지 솔루션즈,Technology
UAL,United Airlines Holdings Inc,유나이티드 에어라인즈 홀딩스,Industrials
KHC,Kraft Heinz Co,크래프트 하인즈,Consumer Defensive
EXPE,Expedia Group Inc,익스피디아 그룹,Consumer Cyclical
CASY,Caseys General Stores Inc,케이시스 제너럴 스토어스,Consumer Cyclical
RPRX,Royalty Pharma PLC,로열티 파마,Healthcare
NTRS,Northern Trust Corp,노던 트러스트,Financial Services
WTW,Willis Towers Watson PLC,윌리스 타워스 왓슨,Financial Services
TW,Tradeweb Markets Inc,트레이드웹 마켓츠,Financial Services
BIIB,Biogen Inc,바이오젠,Healthcare
STLD,Steel Dynamics Inc,스틸 다이내믹스,Basic Materials
VRSN,VeriSign  Inc,베리사인,Technology
ON,ON Semiconductor Corp,온세미,Technology
FLEX,Flex Ltd,플렉스,Technology
CINF,Cincinnati Financial Corp,신시내티 파이낸셜,Financial Services
UTHR,United Therapeutics Corp,유나이티드 테라퓨틱스,Healthcare
ZM,Zoom Communications Inc,줌 커뮤니케이션즈,Technology
FTAI,FTAI Aviation Ltd,FTAI 에비에이션,Industrials
EXE,Expand Energy Corp,익스팬드 에너지,Energy
DXCM,Dexcom Inc,덱스컴,Healthcare
GFS,GlobalFoundries Inc,글로벌파운드리스,Technology
LPLA,LPL Financial Holdings Inc,엘피엘 파이낸셜 홀딩스,Financial Services
VRSK,Verisk Analytics Inc,베리스크 애널리틱스,Industrials
ULTA,Ulta Beauty Inc,얼타 뷰티,Consumer Cyclical
TSCO,Tractor Supply Co,트랙터 서플라이,Consumer Cyclical
ZS,Zscaler Inc,지스케일러,Technology
BNTX,Biontech SE ADR,바이오엔테크,Healthcare
WWD,Woodward Inc,우드워드,Industrials
RGLD,Royal Gold Inc,로열 골드,Basic Materials
SBAC,SBA Communications Corp,SBA 커뮤니케이션즈,Real Estate
TSEM,Tower Semiconductor Ltd,타워 세미컨덕터,Technology
DLTR,Dollar Tree Inc,달러 트리,Consumer Defensive
FCNCA,First Citizens BancShares Inc (Delaware),퍼스트 시티즌스 뱅크셰어스,Financial Services
FSLR,First Solar Inc,퍼스트 솔라,Technology
JBHT,J B Hunt Transport Services Inc,제이비 헌트 트랜스포트 서비스,Industrials
SOFI,SoFi Technologies Inc,소파이 테크놀로지스,Financial Services
MDB,MongoDB Inc,몽고DB,Technology
ALAB,Astera Labs  Inc,아스테라 랩스,Technology
LI,Li Auto Inc ADR,리 오토,Consumer Cyclical
MRNA,Moderna Inc,모더나,Healthcare
ROIV,Roivant Sciences Ltd,로이반트 사이언시스,Healthcare
PFG,Principal Financial Group Inc,프린시펄 파이낸셜 그룹,Financial Services
CRDO,Credo Technology Group Holding Ltd,크레도 테크놀로지 그룹 홀딩,Technology
FUTU,Futu Holdings Ltd ADR,푸투 홀딩스,Financial Services
CHRW,CH Robinson Worldwide Inc,씨에이치 로빈슨 월드와이드,Industrials
TROW,T Rowe Price Group Inc,티 로우 프라이스 그룹,Financial Services
ILMN,Illumina Inc,일루미나,Healthcare
NTAP,NetApp Inc,넷앱,Technology
RVMD,Revolution Medicines Inc,레볼루션 메디슨스,Healthcare
EVRG,Evergy Inc,에버지,Utilities
LNT,Alliant Energy Corp,앨리언트 에너지,Utilities
INCY,Incyte Corp,인사이트,Healthcare
RIVN,Rivian Automotive Inc,리비안 오토모티브,Consumer Cyclical
ENTG,Entegris Inc,엔테그리스,Technology
MTSI,MACOM Technology Solutions Holdings Inc,MACOM 테크놀로지 솔루션즈 홀딩스,Technology
LULU,Lululemon Athletica Inc,룰루레몬 애슬레티카,Consumer Cyclical
FFIV,F5 Inc,에프5,Technology
PTC,PTC Inc,프트크,Technology
TEAM,Atlassian Corp,아틀라시안,Technology
GMAB,Genmab A/S ADR,젠맙,Healthcare
CG,Carlyle Group Inc,칼라일 그룹,Financial Services
HOLX,Hologic Inc,홀로직,Healthcare
VNOM,Viper Energy Inc,바이퍼 에너지,Energy
AKAM,Akamai Technologies Inc,아카마이 테크놀로지스,Technology
SSNC,SS&C Technologies Holdings Inc,SS&C 테크놀로지스 홀딩스,Technology
CSGP,Costar Group Inc,코스타 그룹,Real Estate
NXT,Nextpower Inc,넥스트파워,Technology
MKSI,MKS Incorporated,엠케이에스,Technology
CDW,CDW Corp,CDW,Technology
HTHT,H World Group Ltd ADR,H 월드 그룹,Consumer Cyclical
AFRM,Affirm Holdings Inc,어펌 홀딩스,Financial Services
CHKP,Check Point Software Technologies Ltd,체크 포인트 소프트웨어 테크놀로지스,Technology
VTRS,Viatris Inc,비아트리스,Healthcare
EWBC,East West Bancorp Inc,이스트 웨스트 뱅코프,Financial Services
APA,APA Corp (US),에이피에이,Energy
TRMB,Trimble Inc,트림블,Technology
TLN,Talen Energy Corp,탈렌 에너지,Utilities
LOGI,Logitech International SA,로지텍,Technology
SMMT,Summit Therapeutics Inc,서밋 테라퓨틱스,Healthcare
NDSN,Nordson Corp,노드슨,Industrials
TPG,TPG Inc,티피지,Financial Services
ROKU,Roku Inc,로쿠,Communication Services
MEDP,Medpace Holdings Inc,메드페이스,Healthcare
GRAB,Grab Holdings Ltd,그랩,Technology
IREN,IREN Ltd,아이렌,Financial Services
REG,Regency Centers Corp,리젠시 센터스,Real Estate
WMG,Warner Music Group Corp,워너 뮤직 그룹,Communication Services
KSPI,Kaspi.kz AO ADR,카스피,Technology
NVMI,Nova Ltd,노바,Technology
OKTA,Okta Inc,옥타,Technology
PODD,Insulet Corp,인슐렛,Healthcare
BBIO,BridgeBio Pharma Inc,브리지바이오 파마,Healthcare
RGC,Regencell Bioscience Holdings Ltd,리젠셀 바이오사이언스 홀딩스,Healthcare
ASND,Ascendis Pharma A/S ADR,아센디스 파마,Healthcare
SMCI,Super Micro Computer Inc,슈퍼 마이크로 컴퓨터,Technology
PAYP,PayPay Corp ADR,페이페이,Technology
COO,Cooper Companies Inc,쿠퍼 컴퍼니즈,Healthcare
KTOS,Kratos Defense and Security Solutions Inc,크라토스 디펜스 앤드 시큐리티 솔루션스,Industrials
TIGO,Millicom International Cellular SA,밀리콤 인터내셔널 셀룰러,Communication Services
LECO,Lincoln Electric Holdings Inc,링컨 일렉트릭 홀딩스,Industrials
LSCC,Lattice Semiconductor Corp,래티스 세미컨덕터,Technology
NBIX,Neurocrine Biosciences Inc,뉴로크린 바이오사이언시스,Healthcare
HST,Host Hotels and Resorts  Inc,호스트 호텔스 앤드 리조트,Real Estate
COKE,Coca-Cola Consolidated Inc,코카콜라 콘솔리데이티드,Consumer Defensive
LAMR,Lamar Advertising Co,라마 애드버타이징,Real Estate
GLPI,Gaming and Leisure Properties Inc,게이밍 앤드 레저 프로퍼티스,Real Estate
ERIE,Erie Indemnity Co,이리 인뎀니티,Financial Services
ARCC,Ares Capital Corp,아레스 캐피털,Financial Services
AEIS,Advanced Energy Industries Inc,어드밴스드 에너지 인더스트리스,Industrials
HAS,Hasbro Inc,해즈브로,Consumer Cyclical
FIVE,Five Below Inc,파이브 빌로우,Consumer Cyclical
DPZ,Domino's Pizza Inc,도미노스 피자,Consumer Cyclical
SOLS,Solstice Advanced Materials Inc,솔스티스 어드밴스드 머티리얼스,Basic Materials
DRS,Leonardo DRS Inc,레오나르도 DRS,Industrials
GH,Guardant Health Inc,가던트 헬스,Healthcare
IONS,Ionis Pharmaceuticals Inc,아이오니스 파마슈티컬스,Healthcare
PSKY,Paramount Skydance Corp,파라마운트 스카이댄스,Communication Services
FOX,Fox Corp Class B,폭스,Communication Services
FOXA,Fox Corp Class A,폭스,Communication Services
ALGN,Align Technology Inc,얼라인 테크놀로지,Healthcare
AMKR,Amkor Technology Inc,앰코 테크놀로지,Technology
JAZZ,Jazz Pharmaceuticals PLC,재즈 파마슈티컬스,Healthcare
MDGL,Madrigal Pharmaceuticals Inc,마드리갈 파마슈티컬스,Healthcare
STRL,Sterling Infrastructure Inc,스털링 인프라스트럭처,Industrials
ENSG,Ensign Group Inc,엔사인 그룹,Healthcare
GEN,Gen Digital Inc,젠 디지털,Technology
JKHY,Jack Henry & Associates Inc,잭 헨리 앤드 어소시에이츠,Technology
EXEL,Exelixis Inc,엑셀릭시스,Healthcare
DKNG,Draftkings Inc,드래프트킹스,Consumer Cyclical
AGNC,AGNC Investment Corp,에이지엔씨 인베스트먼트,Real Estate
SFD,Smithfield Foods Inc,스미스필드 푸즈,Consumer Defensive
BMRN,BioMarin Pharmaceutical Inc,바이오마린 파마슈티컬,Healthcare
TXRH,Texas Roadhouse Inc,텍사스 로드하우스,Consumer Cyclical
NTNX,Nutanix Inc,뉴타닉스,Technology
WYNN,Wynn Resorts Ltd,윈 리조트,Consumer Cyclical
BSY,Bentley Systems  Inc,벤틀리 시스템즈,Technology
TTMI,TTM Technologies Inc,티티엠 테크놀로지스,Technology
ZBRA,Zebra Technologies Corp,지브라 테크놀로지스,Technology
SAIA,Saia Inc,사이아,Industrials
RMBS,Rambus Inc,램버스,Technology
CART,Maplebear Inc,메이플베어,Consumer Cyclical
TTD,Trade Desk Inc,트레이드 데스크,Communication Services
SITM,SiTime Corp,사이타임,Technology
XP,XP Inc,엑스피,Financial Services
IESC,IES Holdings Inc,아이이에스 홀딩스,Industrials
ENLT,Enlight Renewable Energy Ltd,엔라이트 리뉴어블 에너지,Utilities
GSAT,Globalstar Inc,글로벌스타,Communication Services
AVAV,AeroVironment Inc,에어로바이런먼트,Industrials
VFS,VinFast Auto Ltd,빈패스트 오토,Consumer Cyclical
WTFC,Wintrust Financial Corp,윈트러스트 파이낸셜,Financial Services
FRHC,Freedom Holding Corp,프리덤 홀딩스,Financial Services
MASI,Masimo Corp,마시모,Healthcare
DOCU,DocuSign Inc,도큐사인,Technology
BPOP,Popular Inc,포퓰러,Financial Services
SEIC,SEI Investments Co,에스이아이 인베스트먼트,Financial Services
NWSA,News Corp Class A,뉴스 코프,Communication Services
CAR,Avis Budget Group Inc,에이비스 버짓 그룹,Industrials
VIAV,Viavi Solutions Inc,비아비 솔루션즈,Technology
CELH,Celsius Holdings Inc,셀시우스 홀딩스,Consumer Defensive
UMBF,UMB Financial Corp,유엠비 파이낸셜,Financial Services
AAOI,Applied Optoelectronics Inc,어플라이드 옵토일렉트로닉스,Technology
PCVX,Vaxcyte Inc,백스사이트,Healthcare
ONB,Old National Bancorp,올드 내셔널 뱅코프,Financial Services
ZION,Zions Bancorporation NA,자이언스 뱅코퍼레이션,Financial Services
LFUS,Littelfuse Inc,리틀퓨즈,Technology
CGNX,Cognex Corp,코그넥스,Technology
AXSM,Axsome Therapeutics Inc,액섬 테라퓨틱스,Healthcare
FCFS,Firstcash Holdings Inc,퍼스트캐시 홀딩스,Financial Services
ABVX,Abivax SA ADR,아비백스,Healthcare
ARWR,Arrowhead Pharmaceuticals Inc,애로우헤드 파마슈티컬스,Healthcare
PRAX,Praxis Precision Medicines Inc,프랙시스 프리시전 메디슨스,Healthcare
HSIC,Henry Schein Inc,헨리 샤인,Healthcare
PPC,Pilgrims Pride Corp,필그림스 프라이드,Consumer Defensive
BTSG,Brightspring Health Services Inc,브라이트스프링 헬스 서비스,Healthcare
TECH,Bio-Techne Corp,바이오테크네,Healthcare
TEM,Tempus AI Inc,템퍼스 AI,Healthcare
SWKS,Skyworks Solutions Inc,스카이웍스 솔루션즈,Technology
CHRD,Chord Energy Corp,코드 에너지,Energy
FORM,FormFactor Inc,폼팩터,Technology
ICLR,ICON PLC,아이콘,Healthcare
IDCC,InterDigital Inc,인터디지털,Technology
CYTK,Cytokinetics Inc,사이토키네틱스,Healthcare
TTEK,Tetra Tech Inc,테트라 테크,Industrials
NUVL,Nuvalent  Inc,뉴밸런트,Healthcare
COLB,Columbia Banking System Inc,컬럼비아 뱅킹 시스템,Financial Services
AUR,Aurora Innovation Inc,오로라 이노베이션,Technology
MANH,Manhattan Associates Inc,맨해튼 어소시에이츠,Technology
BOKF,BOK Financial Corp,BOK 파이낸셜,Financial Services
SIRI,Sirius XM Holdings Inc,시리우스 XM 홀딩스,Communication Services
KRYS,Krystal Biotech Inc,크리스털 바이오텍,Healthcare
SMTC,Semtech Corp,셈텍,Technology
BILI,Bilibili Inc ADR,빌리빌리,Communication Services
GDS,GDS Holdings Ltd ADR,GDS 홀딩스,Technology
Z,Zillow Group Inc Class C,질로우 그룹,Communication Services
HALO,Halozyme Therapeutics Inc,할로자임 테라퓨틱스,Healthcare
CRUS,Cirrus Logic Inc,시러스 로직,Technology
AUGO,Aura Minerals Inc,아우라 미네랄스,Basic Materials
MTCH,Match Group Inc,매치 그룹,Communication Services
LINE,Lineage Inc,리니지,Real Estate
CAMT,Camtek Ltd,캠텍,Technology
POOL,Pool Corp,풀,Industrials
LKQ,LKQ Corp,엘케이큐,Consumer Cyclical
CHYM,Chime Financial Inc,차임 파이낸셜,Technology
POWL,Powell Industries Inc,파월 인더스트리스,Industrials
CBSH,Commerce Bancshares Inc,커머스 뱅크셰어스,Financial Services
VSAT,Viasat Inc,비아샛,Technology
SFM,Sprouts Farmers Market Inc,스프라우츠 파머스 마켓,Consumer Defensive
GLXY,Galaxy Digital Inc,갤럭시 디지털,Financial Services
VICR,Vicor Corp,바이코,Technology
SAIL,SailPoint Inc,세일포인트,Technology
QRVO,Qorvo Inc,코르보,Technology
SANM,Sanmina Corp,산미나,Technology
PEGA,Pegasystems Inc,페가시스템즈,Technology
DOX,Amdocs Ltd,암독스,Technology
AAL,American Airlines Group Inc,아메리칸 에어라인스 그룹,Industrials
SSRM,SSR Mining Inc,SSR 마이닝,Basic Materials
IBRX,Immunitybio Inc,이뮤니티바이오,Healthcare
APLD,Applied Digital Corp,어플라이드 디지털,Technology
LNW,Light & Wonder Inc,라이트 앤드 원더,Unknown
WULF,Terawulf Inc,테라울프,Financial Services
VLY,Valley National Bancorp,밸리 내셔널 뱅코프,Financial Services
KYMR,Kymera Therapeutics Inc,카이메라 테라퓨틱스,Healthcare
SLAB,Silicon Laboratories Inc,실리콘 래버러토리스,Technology
WFRD,Weatherford International PLC,웨더포드 인터내셔널,Energy
HQY,Healthequity Inc,헬스에퀴티,Healthcare
SNEX,StoneX Group Inc,스톤엑스 그룹,Financial Services
QMMM,QMMM Holdings Ltd,QMMM 홀딩스,Communication Services
MORN,Morningstar Inc,모닝스타,Financial Services
BLTE,Belite Bio Inc ADR,벨라이트 바이오,Healthcare
NICE,Nice Ltd ADR,나이스,Technology
ACLX,Arcellx Inc,아셀렉스,Healthcare
FIGR,Figure Technology Solutions Inc,피겨 테크놀로지 솔루션즈,Financial Services
PTGX,Protagonist Therapeutics Inc,프로태고니스트 테라퓨틱스,Healthcare
AAON,Aaon Inc,에이온,Industrials
FSV,FirstService Corp,퍼스트서비스,Real Estate
CENX,Century Aluminum Co,센추리 알루미늄,Basic Materials
RGEN,Repligen Corp,레플리젠,Healthcare
MIDD,Middleby Corp,미들비,Industrials
BZ,Kanzhun Ltd ADR,칸준,Communication Services
MKTX,Marketaxess Holdings Inc,마켓액세스 홀딩스,Financial Services
CPB,Campbell's Co,캠벨스,Consumer Defensive
CHDN,Churchill Downs Inc,처칠다운스,Consumer Cyclical
ALGM,Allegro Microsystems Inc,알레그로 마이크로시스템즈,Technology
APGE,Apogee Therapeutics Inc,아포지 테라퓨틱스,Healthcare
CNTA,Centessa Pharmaceuticals PLC ADR,센테사 파마슈티컬스,Healthcare
TERN,Terns Pharmaceuticals Inc,턴스 파마슈티컬스,Healthcare
DBVT,Dbv Technologies SA ADR,DBV 테크놀로지스,Healthcare
MBLY,Mobileye Global Inc,모빌아이 글로벌,Consumer Cyclical
ROAD,Construction Partners Inc,컨스트럭션 파트너스,Industrials
GGAL,Grupo Financiero Galicia SA ADR,그루포 피난시에로 갈리시아,Financial Services
TTAN,ServiceTitan Inc,서비스타이탄,Technology
DSGX,Descartes Systems Group Inc,데카르트 시스템즈 그룹,Technology
LGN,Legence Corp,레전스,Industrials
UBSI,United Bankshares Inc,유나이티드 뱅크셰어스,Financial Services
RYTM,Rhythm Pharmaceuticals Inc,리듬 파마슈티컬스,Healthcare
HUT,Hut 8 Corp,헛8,Financial Services
ACT,Enact Holdings Inc,이낵트 홀딩스,Financial Services
CGON,CG Oncology Inc,씨지 온콜로지,Healthcare
FROG,Jfrog Ltd,제이프로그,Technology
OLLI,Ollie's Bargain Outlet Holdings Inc,올리스 바겐 아울렛 홀딩스,Consumer Defensive
RRR,Red Rock Resorts Inc,레드 록 리조트,Consumer Cyclical
CBC,Central Bancompany Inc,센트럴 뱅컴퍼니,Financial Services
COGT,Cogent Biosciences Inc,코전트 바이오사이언시스,Healthcare
MIRM,Mirum Pharmaceuticals Inc,미럼 파마슈티컬스,Healthcare
PTCT,PTC Therapeutics Inc,피티씨 테라퓨틱스,Healthcare
MWH,Solv Energy Inc,솔브 에너지,Utilities
SRRK,Scholar Rock Holding Corp,스칼라 록 홀딩,Healthcare
NXST,Nexstar Media Group Inc,넥스타 미디어 그룹,Communication Services
PCTY,Paylocity Holding Corp,페이로시티 홀딩,Technology
FLY,Firefly Aerospace Inc,파이어플라이 에어로스페이스,Industrials
CIFR,Cipher Digital Inc,사이퍼 디지털,Technology
LSTR,Landstar System Inc,랜드스타 시스템,Industrials
APPF,Appfolio Inc,앱폴리오,Technology
STEP,StepStone Group Inc,스텝스톤 그룹,Financial Services
CELC,Celcuity Inc,셀큐이티,Healthcare
BRKR,Bruker Corp,브루커,Healthcare
PLXS,Plexus Corp,플렉서스,Technology
OTEX,Open Text Corp,오픈텍스트,Technology
URBN,Urban Outfitters Inc,어반 아웃피터스,Consumer Cyclical
GLNG,Golar LNG Ltd,골라 LNG,Energy
CIGI,Colliers International Group Inc,콜리어스 인터내셔널 그룹,Real Estate
DBX,Dropbox Inc,드롭박스,Technology
ALKS,Alkermes Plc,알커메스,Healthcare
VSNT,Versant Media Group Inc,버샌트 미디어 그룹,Communication Services
LYFT,Lyft Inc,리프트,Technology
CWST,Casella Waste Systems Inc,카셀라 웨이스트 시스템즈,Industrials
BCPC,Balchem Corp,발켐,Basic Materials
CZR,Caesars Entertainment Inc,시저스 엔터테인먼트,Consumer Cyclical
HLNE,Hamilton Lane Inc,해밀턴 레인,Financial Services
RIOT,Riot Platforms Inc,라이엇 플랫폼스,Financial Services
TGTX,TG Therapeutics Inc,TG 테라퓨틱스,Healthcare
DOO,BRP Inc,비알피,Consumer Cyclical
XENE,Xenon Pharmaceuticals Inc,제논 파마슈티컬스,Healthcare
HWC,Hancock Whitney Corp,핸콕 휘트니,Financial Services
CORZ,Core Scientific Inc,코어 사이언티픽,Technology
ERAS,Erasca Inc,에라스카,Healthcare
CAI,Caris Life Sciences Inc,카리스 라이프 사이언시스,Healthcare
VSEC,VSE Corp,브이에스이,Industrials
APLS,Apellis Pharmaceuticals Inc,아펠리스 파마슈티컬스,Healthcare
NWS,News Corp Class B,뉴스 코프,Communication Services
UFPI,UFP Industries Inc,유에프피 인더스트리스,Basic Materials
GLBE,Global-E Online Ltd,글로벌이 온라인,Consumer Cyclical
OZK,Bank Ozk,뱅크 오지케이,Financial Services
EQPT,Equipmentshare.Com Inc,이큅먼트셰어,Industrials
AVT,Avnet Inc,애브넷,Technology
LNTH,Lantheus Holdings Inc,란테우스 홀딩스,Healthcare
SBRA,Sabra Health Care REIT Inc,사브라 헬스케어 리츠,Real Estate
BGC,Bgc Group Inc,비지씨 그룹,Financial Services
IMVT,Immunovant Inc,이뮤노반트,Healthcare
SRAD,Sportradar Group AG,스포트레이더 그룹,Technology
MEOH,Methanex Corp,메타넥스,Basic Materials
LUNR,Intuitive Machines Inc,인튜이티브 머신스,Industrials
ATAT,Atour Lifestyle Holdings Ltd ADR,아투어 라이프스타일 홀딩스,Consumer Cyclical
LAUR,Laureate Education Inc,로리엇 에듀케이션,Consumer Defensive
EXLS,Exlservice Holdings Inc,EXL서비스 홀딩스,Technology
IPGP,IPG Photonics Corp,아이피지 포토닉스,Technology
EMAT,Evolution Metals & Technologies Corp,에볼루션 메탈스 앤드 테크놀로지스,Basic Materials
FSLY,Fastly Inc,패슬리,Technology
CACC,Credit Acceptance Corp,크레딧 어셉턴스,Financial Services
PECO,Phillips Edison & Co Inc,필립스 에디슨,Real Estate
CRSP,CRISPR Therapeutics AG,크리스퍼 테라퓨틱스,Healthcare
SIGI,Selective Insurance Group Inc,셀렉티브 인슈어런스 그룹,Financial Services
OMAB,Grupo Aeroportuario del Centro Norte SAB de CV ADR,그루포 아에로포르투아리오 델 센트로 노르테,Industrials
EBC,Eastern Bankshares Inc,이스턴 뱅크셰어스,Financial Services
MRCY,Mercury Systems Inc,머큐리 시스템즈,Industrials
LOPE,Grand Canyon Education Inc,그랜드 캐니언 에듀케이션,Consumer Defensive
PSMT,PriceSmart Inc,프라이스스마트,Consumer Defensive
RGTI,Rigetti Computing Inc,리게티 컴퓨팅,Technology
ONDS,Ondas Inc,온다스,Technology
GNTX,Gentex Corp,젠텍스,Consumer Cyclical
CROX,Crocs Inc,크록스,Consumer Cyclical
FOLD,Amicus Therapeutics Inc,아미쿠스 테라퓨틱스,Healthcare
OSIS,OSI Systems Inc,오에스아이 시스템즈,Technology
WING,Wingstop Inc,윙스톱,Consumer Cyclical
ALM,Almonty Industries Inc,알몬티 인더스트리스,Basic Materials
DUOL,Duolingo Inc,듀오링고,Technology
MYRG,MYR Group Inc,엠와이알 그룹,Industrials
REYN,Reynolds Consumer Products Inc,레이놀즈 컨슈머 프로덕츠,Consumer Cyclical
WIX,Wix.Com Ltd,윅스,Technology
DNTH,Dianthus Therapeutics Inc,다이앤서스 테라퓨틱스,Healthcare
CORT,Corcept Therapeutics Inc,코셉트 테라퓨틱스,Healthcare
ALHC,Alignment Healthcare Inc,얼라인먼트 헬스케어,Healthcare
WAY,Waystar Holding Corp,웨이스타 홀딩,Healthcare
SAIC,Science Applications International Corp,사이언스 애플리케이션스 인터내셔널,Technology
FFIN,First Financial Bankshares Inc,퍼스트 파이낸셜 뱅크셰어스,Financial Services
OPEN,Opendoor Technologies Inc,오픈도어 테크놀로지스,Real Estate
MAT,Mattel Inc,마텔,Consumer Cyclical
OPCH,Option Care Health Inc,옵션 케어 헬스,Healthcare
SLM,SLM Corp,에스엘엠,Financial Services
TCBI,Texas Capital Bancshares Inc,텍사스 캐피털 뱅크셰어스,Financial Services
OLED,Universal Display Corp,유니버설 디스플레이,Technology
NWE,NorthWestern Energy Group Inc,노스웨스턴 에너지 그룹,Utilities
PTEN,Patterson-UTI Energy Inc,패터슨 유티아이 에너지,Energy
IBOC,International Bancshares Corp,인터내셔널 뱅크셰어스,Financial Services
RDNT,RadNet Inc,래드넷,Healthcare
ENPH,Enphase Energy Inc,엔페이즈 에너지,Technology
FELE,Franklin Electric Co Inc,프랭클린 일렉트릭,Industrials
VISN,Vistance Networks Inc,비스턴스 네트웍스,Technology
SHC,Sotera Health Co,소테라 헬스,Healthcare
ACIW,ACI Worldwide Inc,에이씨아이 월드와이드,Technology
NOVT,Novanta Inc,노반타,Technology
KC,Kingsoft Cloud Holdings Ltd ADR,킹소프트 클라우드,Technology
LGND,Ligand Pharmaceuticals Inc,라이간드 파마슈티컬스,Healthcare
BLLN,BillionToOne Inc,빌리언투원,Healthcare
RUSHA,Rush Enterprises Inc Class A,러시 엔터프라이즈,Consumer Cyclical
CRNX,Crinetics Pharmaceuticals Inc,크리네틱스 파마슈티컬스,Healthcare
SYRE,Spyre Therapeutics Inc,스파이어 테라퓨틱스,Healthcare
TFSL,TFS Financial Corp,티에프에스 파이낸셜,Financial Services
MMSI,Merit Medical Systems Inc,메리트 메디컬 시스템즈,Healthcare
FULT,Fulton Financial Corp,풀턴 파이낸셜,Financial Services
ITRI,Itron Inc,아이트론,Technology
SIMO,Silicon Motion Technology Corp ADR,실리콘 모션 테크놀로지,Technology
MZTI,Marzetti Co,마르제티,Consumer Defensive
GTLB,GitLab Inc,깃랩,Technology
VCTR,Victory Capital Holdings Inc,빅토리 캐피털 홀딩스,Financial Services
AMRX,Amneal Pharmaceuticals Inc,암닐 파마슈티컬스,Healthcare
VKTX,Viking Therapeutics Inc,바이킹 테라퓨틱스,Healthcare
NAMS,NewAmsterdam Pharma Company NV,뉴암스테르담 파마,Healthcare
GPCR,Structure Therapeutics Inc ADR,스트럭처 테라퓨틱스,Healthcare
FTDR,Frontdoor Inc,프론트도어,Consumer Cyclical
IRTC,iRhythm Holdings  Inc,아이리듬 홀딩스,Healthcare
NTSK,Netskope Inc,넷스코프,Technology
QS,Quantumscape Corp,퀀텀스케이프,Consumer Cyclical
INDB,Independent Bank Corp (Massachusetts),인디펜던트 뱅크,Financial Services
USLM,United States Lime & Minerals Inc,유나이티드 스테이츠 라임 앤드 미네랄스,Basic Materials
ACAD,ACADIA Pharmaceuticals Inc,아카디아 파마슈티컬스,Healthcare
DLO,Dlocal Ltd,디로컬,Technology
KNSA,Kiniksa Pharmaceuticals International PLC,키닉사 파마슈티컬스 인터내셔널,Healthcare
OTTR,Otter Tail Corp,오터테일,Industrials
SKYW,SkyWest Inc,스카이웨스트,Industrials
BANF,BancFirst Corp,뱅크퍼스트,Financial Services
INDV,Indivior Pharmaceuticals  Inc,인디비어 파마슈티컬스,Healthcare
MMED,MiniMed Group Inc,미니메드 그룹,Healthcare
PATK,Patrick Industries Inc,패트릭 인더스트리스,Consumer Cyclical
ASO,Academy Sports and Outdoors Inc,아카데미 스포츠 앤드 아웃도어스,Consumer Cyclical
TMDX,Transmedics Group Inc,트랜스메딕스 그룹,Healthcare
PPTA,Perpetua Resources Corp,퍼페투아 리소시스,Basic Materials
CALM,Cal-Maine Foods Inc,칼메인 푸즈,Consumer Defensive
MMYT,MakeMyTrip Ltd,메이크마이트립,Consumer Cyclical
CVCO,Cavco Industries Inc,캐브코 인더스트리스,Consumer Cyclical
CCC,CCC Intelligent Solutions Holdings Inc,씨씨씨 인텔리전트 솔루션스 홀딩스,Technology
IRDM,Iridium Communications Inc,이리듐 커뮤니케이션즈,Communication Services
CLBT,Cellebrite DI Ltd,셀레브라이트 DI,Technology
KLIC,Kulicke and Soffa Industries Inc,쿨리케 앤드 소파 인더스트리스,Technology
PLUG,Plug Power Inc,플러그 파워,Industrials
WSFS,WSFS Financial Corp,더블유에스에프에스 파이낸셜,Financial Services
EWTX,Edgewise Therapeutics Inc,엣지와이즈 테라퓨틱스,Healthcare
CVLT,Commvault Systems Inc,컴볼트 시스템즈,Technology
LIVN,LivaNova PLC,리바노바,Healthcare
CATY,Cathay General Bancorp,캐세이 제너럴 뱅코프,Financial Services
BHF,Brighthouse Financial Inc,브라이트하우스 파이낸셜,Financial Services
MCHB,Mechanics Bancorp,메카닉스 뱅코프,Financial Services
GTX,Garrett Motion Inc,개럿 모션,Consumer Cyclical
MRX,Marex Group PLC,마렉스 그룹,Financial Services
MNDY,monday.com Ltd,먼데이닷컴,Technology
INTR,Inter & Co Inc,인터 앤드 코,Financial Services
MARA,MARA Holdings Inc,마라 홀딩스,Financial Services
STNE,StoneCo Ltd,스톤코,Technology
GBDC,Golub Capital BDC Inc,골럽 캐피털 BDC,Financial Services
RELY,Remitly Global Inc,레미틀리 글로벌,Technology
WSBC,WesBanco Inc,웨스뱅코,Financial Services
DIOD,Diodes Inc,다이오즈,Technology
FIBK,First Interstate Bancsystem Inc,퍼스트 인터스테이트 뱅크시스템,Financial Services
CARG,CarGurus Inc,카구루스,Consumer Cyclical
PLMR,Palomar Holdings Inc,팔로마 홀딩스,Financial Services
PLBL,Polibeli Group Ltd,폴리벨리 그룹,Consumer Cyclical
HYMC,Hycroft Mining Holding Corporation,하이크로프트 마이닝 홀딩,Basic Materials
LEGN,Legend Biotech Corp ADR,레전드 바이오텍,Healthcare
LIF,Life360 Inc,라이프360,Technology
WSC,WillScot Holdings Corp,윌스콧 홀딩스,Industrials
LQDA,Liquidia Corp,리퀴디아,Healthcare
VEON,VEON Ltd ADR,비온,Communication Services
TLX,Telix Pharmaceuticals Ltd ADR,텔릭스 파마슈티컬스,Healthcare
HSAI,Hesai Group ADR,헤사이 그룹,Consumer Cyclical
EXPO,Exponent Inc,엑스포넌트,Industrials
LASR,nLIGHT Inc,엔라이트,Technology
USAR,USA Rare Earth Inc,유에스에이 레어 어스,Basic Materials
FIZZ,National Beverage Corp,내셔널 베버리지,Consumer Defensive
FHB,First Hawaiian Inc,퍼스트 하와이안,Financial Services
QLYS,Qualys Inc,퀄리스,Technology
TOWN,TowneBank,타운뱅크,Financial Services
NAVN,Navan Inc,나반,Technology
FRMI,Fermi Inc,페르미,Real Estate
RUN,Sunrun Inc,선런,Technology
IAC,IAC Inc,아이에이씨,Communication Services
FRPT,Freshpet Inc,프레시펫,Consumer Defensive
DNLI,Denali Therapeutics Inc,데날리 테라퓨틱스,Healthcare
PONY,Pony AI Inc ADR,포니 AI,Technology
TWST,Twist Bioscience Corp,트위스트 바이오사이언스,Healthcare
BWIN,Baldwin Insurance Group  Inc,볼드윈 인슈어런스 그룹,Financial Services
PI,Impinj Inc,임핀지,Technology
HWKN,Hawkins Inc,호킨스,Basic Materials
CPRX,Catalyst Pharmaceuticals Inc,카탈리스트 파마슈티컬스,Healthcare
DORM,Dorman Products Inc,도먼 프로덕츠,Consumer Cyclical
SBCF,Seacoast Banking Corporation of Florida,시코스트 뱅킹 코퍼레이션 오브 플로리다,Financial Services
CLMT,Calumet Inc,칼루멧,Basic Materials
TRMD,Torm PLC,토름,Energy
ORKA,Oruka Therapeutics Inc,오루카 테라퓨틱스,Healthcare
DYN,Dyne Therapeutics  Inc,다인 테라퓨틱스,Healthcare
ICUI,ICU Medical Inc,아이씨유 메디컬,Healthcare
ACLS,Axcelis Technologies Inc,액셀리스 테크놀로지스,Technology
FFBC,First Financial Bancorp,퍼스트 파이낸셜 뱅코프,Financial Services
SUPN,Supernus Pharmaceuticals Inc,수퍼너스 파마슈티컬스,Healthcare
JOYY,JOYY Inc ADR,조이,Communication Services
TARS,Tarsus Pharmaceuticals Inc,타서스 파마슈티컬스,Healthcare
TVTX,Travere Therapeutics Inc,트라베레 테라퓨틱스,Healthcare
COLM,Columbia Sportswear Co,컬럼비아 스포츠웨어,Consumer Cyclical
NMIH,NMI Holdings Inc,엔엠아이 홀딩스,Financial Services
MGEE,MGE Energy Inc,엠지이 에너지,Utilities
IPAR,Interparfums Inc,인터퍼퓸스,Consumer Defensive
LCID,Lucid Group Inc,루시드 그룹,Consumer Cyclical
ARQT,Arcutis Biotherapeutics Inc,아큐티스 바이오테라퓨틱스,Healthcare
UCTT,Ultra Clean Holdings Inc,울트라 클린 홀딩스,Technology
SFNC,Simmons First National Corp,시먼스 퍼스트 내셔널,Financial Services
WDFC,WD-40 Co,WD-40,Basic Materials
POWI,Power Integrations Inc,파워 인테그레이션스,Technology
VERA,Vera Therapeutics  Inc,베라 테라퓨틱스,Healthcare
ALMS,Alumis Inc,알루미스,Healthcare
SOUN,SoundHound AI Inc,사운드하운드 AI,Technology
SYNA,Synaptics Inc,시냅틱스,Technology
TNGX,Tango Therapeutics Inc,탱고 테라퓨틱스,Healthcare
ADEA,Adeia Inc,아데이아,Technology
PRVA,Privia Health Group Inc,프리비아 헬스 그룹,Healthcare
CRVL,CorVel Corp,코벨,Financial Services
COCO,Vita Coco Company Inc,비타 코코 컴퍼니,Consumer Defensive
TXG,10X Genomics Inc,10x 지노믹스,Healthcare
CAKE,Cheesecake Factory Inc,치즈케이크 팩토리,Consumer Cyclical
ACMR,ACM Research Inc,ACM 리서치,Technology
MGRC,McGrath RentCorp,맥그래스 렌트코프,Industrials
VRNS,Varonis Systems Inc,바로니스 시스템즈,Technology
IDYA,IDEAYA Biosciences Inc,아이디아야 바이오사이언시스,Healthcare
SLNO,Soleno Therapeutics Inc,솔레노 테라퓨틱스,Healthcare
NMRK,Newmark Group Inc,뉴마크 그룹,Real Estate
CVBF,CVB Financial Corp,CVB 파이낸셜,Financial Services
HCM,HUTCHMED (China) Ltd ADR,허치메드 차이나,Healthcare
SEDG,Solaredge Technologies Inc,솔라에지 테크놀로지스,Technology
SBLK,Star Bulk Carriers Corp,스타 벌크 캐리어스,Industrials
EEFT,Euronet Worldwide Inc,유로넷 월드와이드,Technology
BULL,Webull Corp,위불,Technology
KOD,Kodiak Sciences Inc,코디악 사이언시스,Healthcare
ELVN,Enliven Therapeutics Inc,엔라이븐 테라퓨틱스,Healthcare
SHOO,Steven Madden Ltd,스티븐 매든,Consumer Cyclical
VCYT,Veracyte Inc,베라사이트,Healthcare
TRMK,Trustmark Corp,트러스트마크,Financial Services
IRON,Disc Medicine Inc,디스크 메디신,Healthcare
AAPG,Ascentage Pharma Group International ADR,애센티지 파마 그룹 인터내셔널,Healthcare
DJT,Trump Media & Technology Group Corp,트럼프 미디어 앤드 테크놀로지 그룹,Communication Services
BRZE,Braze Inc,브레이즈,Technology
FRME,First Merchants Corp,퍼스트 머천츠,Financial Services
AXTI,AXT Inc,AXT,Technology
LMAT,LeMaitre Vascular Inc,르메트르 바스큘러,Healthcare
UPST,Upstart Holdings Inc,업스타트 홀딩스,Financial Services
WRD,WeRide Inc ADR,위라이드,Technology
MAAS,Maase Inc,마세,Financial Services
LFST,LifeStance Health Group Inc,라이프스탠스 헬스 그룹,Healthcare
BEAM,Beam Therapeutics Inc,빔 테라퓨틱스,Healthcare
VC,Visteon Corp,비스테온,Consumer Cyclical
ANDE,Andersons Inc,앤더슨스,Consumer Defensive
UNIT,Uniti Group Inc (Delaware),유나이티 그룹,Real Estate
HTO,H2O America,H2O 아메리카,Utilities
IMNM,Immunome Inc,이뮤놈,Healthcare
FLNC,Fluence Energy Inc,플루언스 에너지,Utilities
SRPT,Sarepta Therapeutics Inc,사렙타 테라퓨틱스,Healthcare
WAFD,WaFd Inc,와프드,Financial Services
CHEF,Chefs' Warehouse Inc,셰프스 웨어하우스,Consumer Defensive
CLDX,Celldex Therapeutics Inc,셀덱스 테라퓨틱스,Healthcare
RLAY,Relay Therapeutics Inc,릴레이 테라퓨틱스,Healthcare
BCRX,BioCryst Pharmaceuticals Inc,바이오크리스트 파마슈티컬스,Healthcare
NTCT,Netscout Systems Inc,넷스카우트 시스템즈,Technology
ETOR,eToro Group Ltd,이토로 그룹,Financial Services
TBBK,Bancorp Inc,뱅코프,Financial Services
ZLAB,Zai Lab Ltd ADR,자이 랩,Healthcare
PLAB,Photronics Inc,포트로닉스,Technology
KYIV,Kyivstar Group Ltd,키이우스타 그룹,Communication Services
OSW,OneSpaWorld Holdings Ltd,원스파월드 홀딩스,Consumer Cyclical
ACHC,Acadia Healthcare Company Inc,아카디아 헬스케어,Healthcare
MLYS,Mineralys Therapeutics Inc,미네랄리스 테라퓨틱스,Healthcare
CLSK,CleanSpark Inc,클린스파크,Financial Services
NEXT,NextDecade Corp,넥스트데케이드,Energy
FRSH,Freshworks Inc,프레시웍스,Technology
PRDO,Perdoceo Education Corp,퍼도세오 에듀케이션,Consumer Defensive
FBNC,First Bancorp (North Carolina),퍼스트 뱅코프,Financial Services
ARCB,ArcBest Corp,아크베스트,Industrials
HTFL,Heartflow Inc,하트플로우,Healthcare
XRAY,DENTSPLY SIRONA Inc,덴츠플라이 시로나,Healthcare
MCW,Mister Car Wash Inc,미스터 카 워시,Consumer Cyclical
ATRO,Astronics Corp,아스트로닉스,Industrials
NBTB,NBT Bancorp Inc,NBT 뱅코프,Financial Services
CSGS,Csg Systems International Inc,CSG 시스템즈 인터내셔널,Technology
RARE,Ultragenyx Pharmaceutical Inc,울트라제닉스 파마슈티컬,Healthcare
BTDR,Bitdeer Technologies Group,비트디어 테크놀로지스 그룹,Technology
HUBG,Hub Group Inc,허브 그룹,Industrials
PAHC,Phibro Animal Health Corp,파이브로 애니멀 헬스,Healthcare
MLCO,Melco Resorts & Entertainment Ltd ADR,멜코 리조트 앤 엔터테인먼트,Consumer Cyclical
DAVE,Dave Inc,데이브,Technology
DXPE,DXP Enterprises Inc,DXP 엔터프라이즈,Industrials
SEZL,Sezzle Inc,세즐,Financial Services
BUSE,First Busey Corp,퍼스트 뷰지,Financial Services
AMBA,Ambarella Inc,암바렐라,Technology
SLDE,Slide Insurance Holdings Inc,슬라이드 인슈어런스 홀딩스,Financial Services
BELFB,Bel Fuse Inc Class B,벨 퓨즈,Technology
DAWN,Day One Biopharmaceuticals Inc,데이 원 바이오파마슈티컬스,Healthcare
VRRM,Verra Mobility Corp,베라 모빌리티,Technology
ALRM,Alarm.com Holdings Inc,알람닷컴 홀딩스,Technology
ADMA,ADMA Biologics Inc,ADMA 바이오로직스,Healthcare
TSAT,Telesat Corp,텔레샛,Technology
XMTR,Xometry Inc,조메트리,Industrials
NKTR,Nektar Therapeutics,넥타르 테라퓨틱스,Healthcare
SPSC,SPS Commerce Inc,SPS 커머스,Technology
NESR,National Energy Services Reunited Corp,내셔널 에너지 서비스 리유나이티드,Energy
HURN,Huron Consulting Group Inc,휴런 컨설팅 그룹,Industrials
SNDX,Syndax Pharmaceuticals Inc,신댁스 파마슈티컬스,Healthcare
NEOG,Neogen Corp,네오젠,Healthcare
AVPT,AvePoint Inc,애브포인트,Technology
LBTYA,Liberty Global Ltd Class A,리버티 글로벌,Communication Services
VNET,VNET Group Inc ADR,VNET 그룹,Technology
KALU,Kaiser Aluminum Corp,카이저 알루미늄,Basic Materials
NYAX,Nayax Ltd,나약스,Technology
ZG,Zillow Group Inc Class A,질로우 그룹,Communication Services
PTRN,Pattern Group Inc,패턴 그룹,Technology
WB,Weibo Corp ADR,웨이보,Communication Services
NSIT,Insight Enterprises Inc,인사이트 엔터프라이즈,Technology
EXTR,Extreme Networks Inc,익스트림 네트웍스,Technology
BANR,Banner Corp,배너,Financial Services
VECO,Veeco Instruments Inc,비코 인스트루먼츠,Technology
ADPT,Adaptive Biotechnologies Corp,어댑티브 바이오테크놀로지스,Healthcare
BL,BlackLine Inc,블랙라인,Technology
CECO,CECO Environmental Corp,CECO 인바이런멘털,Industrials
AUPH,Aurinia Pharmaceuticals Inc,오리니아 파마슈티컬스,Healthcare
PLUS,ePlus inc,이플러스,Technology
GRFS,Grifols SA ADR,그리폴스,Healthcare
MBIN,Merchants Bancorp,머천츠 뱅코프,Financial Services
TENB,Tenable Holdings Inc,테너블 홀딩스,Technology
EFSC,Enterprise Financial Services Corp,엔터프라이즈 파이낸셜 서비스,Financial Services
NCNO,nCino Inc,엔시노,Technology
AGIO,Agios Pharmaceuticals Inc,아지오스 파마슈티컬스,Healthcare
DFTX,Definium Therapeutics Inc,디피니엄 테라퓨틱스,Healthcare
PTON,Peloton Interactive Inc,펠로톤 인터랙티브,Consumer Cyclical
NN,NextNav Inc,넥스트내브,Technology
TYRA,Tyra Biosciences Inc,타이라 바이오사이언시스,Healthcare
SYBT,Stock Yards Bancorp Inc,스톡 야즈 뱅코프,Financial Services
EVCM,EverCommerce Inc,에버커머스,Technology
GRAL,Grail Inc,그레일,Healthcare
CASH,Pathward Financial Inc,패스워드 파이낸셜,Financial Services
PENN,PENN Entertainment Inc,PENN 엔터테인먼트,Consumer Cyclical
DRVN,Driven Brands Holdings Inc,드리븐 브랜즈 홀딩스,Consumer Cyclical
BLBD,Blue Bird Corp,블루 버드,Industrials
STOK,Stoke Therapeutics Inc,스토크 테라퓨틱스,Healthcare
INTA,Intapp Inc,인탭,Technology
NVTS,Navitas Semiconductor Corp,나비타스 세미컨덕터,Technology
FA,First Advantage Corp,퍼스트 어드밴티지,Industrials
AHG,Akso Health Group ADR,악소 헬스 그룹,Healthcare
DGII,Digi International Inc,디지 인터내셔널,Technology
PAX,Patria Investments Ltd,패트리아 인베스트먼츠,Financial Services
WGS,GeneDx Holdings Corp,진DX 홀딩스,Healthcare
SKWD,Skyward Specialty Insurance Group Inc,스카이워드 스페셜티 인슈어런스 그룹,Financial Services
AGYS,Agilysys Inc,애질리시스,Technology
DRH,Diamondrock Hospitality Co,다이아몬드록 호스피탤리티,Real Estate
NWBI,Northwest Bancshares Inc,노스웨스트 뱅크셰어스,Financial Services
GCMG,GCM Grosvenor Inc,GCM 그로스브너,Financial Services
EYE,National Vision Holdings Inc,내셔널 비전 홀딩스,Consumer Cyclical
GT,Goodyear Tire & Rubber Co,굿이어 타이어 앤 러버,Consumer Cyclical
ZYME,Zymeworks Inc,자이머웍스,Healthcare
TMC,TMC the metals company Inc,TMC 더 메탈스 컴퍼니,Basic Materials
FORTY,Formula Systems 1985 Ltd ADR,포뮬러 시스템즈 1985,Technology
VERX,Vertex Inc,버텍스,Technology
GLPG,Galapagos NV ADR,갈라파고스,Healthcare
STRA,Strategic Education Inc,스트래티직 에듀케이션,Consumer Defensive
PSNY,Polestar Automotive Holding UK PLC ADR Class A,폴스타 오토모티브 홀딩 UK,Consumer Cyclical
CLBK,Columbia Financial Inc,컬럼비아 파이낸셜,Financial Services
WERN,Werner Enterprises Inc,워너 엔터프라이즈,Industrials
CAPR,Capricor Therapeutics Inc,캐프리코 테라퓨틱스,Healthcare
HTZ,Hertz Global Holdings Inc,허츠 글로벌 홀딩스,Industrials
CHA,Chagee Holdings Ltd ADR,차지 홀딩스,Consumer Cyclical
PHVS,Pharvaris NV,파바리스,Healthcare
OCUL,Ocular Therapeutix Inc,오큘러 테라퓨틱스,Healthcare
IOSP,Innospec Inc,이노스펙,Basic Materials
APPN,Appian Corp,애피안,Technology
AMLX,Amylyx Pharmaceuticals Inc,아밀릭스 파마슈티컬스,Healthcare
CMPR,Cimpress PLC,심프레스,Industrials
ALKT,Alkami Technology Inc,알카미 테크놀로지,Technology
CHCO,City Holding Co,시티 홀딩,Financial Services
ANAB,AnaptysBio Inc,아납티스바이오,Healthcare
ANIP,ANI Pharmaceuticals Inc,ANI 파마슈티컬스,Healthcare
HBNB,Hotel101 Global Holdings Corp,호텔101 글로벌 홀딩스,Real Estate
BLKB,Blackbaud Inc,블랙보드,Technology
MCRI,Monarch Casino & Resort Inc,모나크 카지노 앤 리조트,Consumer Cyclical
MESO,Mesoblast Ltd ADR,메소블라스트,Healthcare
IMKTA,Ingles Markets Inc,잉글스 마켓츠,Consumer Defensive
SRCE,1st Source Corp,퍼스트 소스,Financial Services
LBTYK,Liberty Global Ltd Class C,리버티 글로벌,Communication Services
MGNI,Magnite Inc,매그나이트,Communication Services
ADUS,Addus Homecare Corp,애더스 홈케어,Healthcare
IAS,Integral Ad Science Holding Corp,인테그럴 애드 사이언스 홀딩스,Communication Services
ESTA,Establishment Labs Holdings Inc,에스타블리시먼트 랩스 홀딩스,Healthcare
GTM,Zoominfo Technologies Inc,줌인포 테크놀로지스,Technology
INVA,Innoviva Inc,이노비바,Healthcare
RNW,Renew Energy Global PLC,리뉴 에너지 글로벌,Utilities
PVLA,Palvella Therapeutics Inc,팔벨라 테라퓨틱스,Healthcare
EZPW,EZCORP Inc,이지코프,Financial Services
MQ,Marqeta Inc,마르케타,Technology
VCEL,Vericel Corp,베리셀,Healthcare
ICHR,Ichor Holdings Ltd,아이코어 홀딩스,Technology
JBLU,JetBlue Airways Corp,제트블루 에어웨이스,Industrials
NRIX,Nurix Therapeutics Inc,누릭스 테라퓨틱스,Healthcare
CNXC,Concentrix Corp,콘센트릭스,Technology
RXRX,Recursion Pharmaceuticals Inc,리커전 파마슈티컬스,Healthcare
TRVI,Trevi Therapeutics Inc,트레비 테라퓨틱스,Healthcare
DHC,Diversified Healthcare Trust,다이버시파이드 헬스케어 트러스트,Real Estate
RUM,Rumble Inc,럼블,Communication Services
ATEC,Alphatec Holdings Inc,알파텍 홀딩스,Healthcare
PAYO,Payoneer Global Inc,페이오니어 글로벌,Technology
QFIN,Qfin Holdings Inc ADR,큐핀 홀딩스,Financial Services
SION,Sionna Therapeutics Inc,시오나 테라퓨틱스,Healthcare
MXL,Maxlinear Inc,맥스리니어,Technology
CENTA,Central Garden & Pet Co Class A,센트럴 가든 앤 펫,Consumer Defensive
PWP,Perella Weinberg Partners,퍼렐라 와인버그 파트너스,Financial Services
SGRY,Surgery Partners Inc,서저리 파트너스,Healthcare
SGML,Sigma Lithium Corp,시그마 리튬,Basic Materials
ZD,Ziff Davis Inc,지프 데이비스,Communication Services
AHCO,Adapthealth Corp,어댑트헬스,Healthcare
IMCR,Immunocore Holdings PLC ADR,이뮤노코어 홀딩스,Healthcare
SONO,Sonos Inc,소노스,Technology
GABC,German American Bancorp Inc,저먼 아메리칸 뱅코프,Financial Services
AXGN,AxoGen Inc,액소젠,Healthcare
NTLA,Intellia Therapeutics Inc,인텔리아 테라퓨틱스,Healthcare
RAPP,Rapport Therapeutics Inc,라포트 테라퓨틱스,Healthcare
HRMY,Harmony Biosciences Holdings Inc,하모니 바이오사이언시스 홀딩스,Healthcare
GSHD,Goosehead Insurance Inc,구스헤드 인슈어런스,Financial Services
STGW,Stagwell Inc,스태그웰,Communication Services
STBA,S&T Bancorp Inc,S&T 뱅코프,Financial Services
ECPG,Encore Capital Group Inc,앙코르 캐피털 그룹,Financial Services
TCBK,Trico Bancshares,트라이코 뱅크셰어스,Financial Services
OMCL,Omnicell Inc,옴니셀,Healthcare
BFC,Bank First Corp,뱅크 퍼스트,Financial Services
JJSF,J&J Snack Foods Corp,제이앤제이 스낵 푸즈,Consumer Defensive
HLMN,Hillman Solutions Corp,힐만 솔루션즈,Industrials
COHU,Cohu Inc,코후,Technology
BRAI,Braiin Ltd,브레인,Technology
CNXN,PC Connection Inc,PC 커넥션,Technology
AEHR,Aehr Test Systems,에어 테스트 시스템즈,Technology
LKFN,Lakeland Financial Corp,레이크랜드 파이낸셜,Financial Services
KARO,Karooooo Ltd,카루,Technology
HOPE,Hope Bancorp Inc,호프 뱅코프,Financial Services
HIMX,Himax Technologies Inc ADR,하이맥스 테크놀로지스,Technology
EOSE,Eos Energy Enterprises Inc,이오스 에너지 엔터프라이즈,Industrials
QUBT,Quantum Computing Inc,퀀텀 컴퓨팅,Technology
NWL,Newell Brands Inc,뉴웰 브랜즈,Consumer Defensive
WINA,Winmark Corp,윈마크,Consumer Cyclical
GENB,Generate Biomedicines Inc,제너레이트 바이오메디신스,Healthcare
AMSC,American Superconductor Corp,아메리칸 슈퍼컨덕터,Industrials
GCT,GigaCloud Technology Inc,기가클라우드 테크놀로지,Technology
ALGT,Allegiant Travel Co,얼리전트 트래블,Industrials
NSSC,NAPCO Security Technologies Inc,냅코 시큐리티 테크놀로지스,Industrials
LFAC,Leapfrog Acquisition Corp,리프로그 애퀴지션,Financial Services
QCRH,QCR Holdings Inc,QCR 홀딩스,Financial Services
DMRA,Damora Therapeutics Inc,다모라 테라퓨틱스,Healthcare
VIR,Vir Biotechnology Inc,비어 바이오테크놀로지,Healthcare
RCAT,Red Cat Holdings Inc,레드 캣 홀딩스,Industrials
ATRC,AtriCure Inc,에이트리큐어,Healthcare
ARDX,Ardelyx Inc,아델릭스,Healthcare
FSUN,Firstsun Capital Bancorp,퍼스트선 캐피털 뱅코프,Financial Services
NBTX,Nanobiotix SA ADR,나노바이오틱스,Healthcare
PGEN,Precigen Inc,프리시젠,Healthcare
UFPT,UFP Technologies Inc,UFP 테크놀로지스,Healthcare
TILE,Interface Inc,인터페이스,Consumer Cyclical
FBYD,Falcon's Beyond Global Inc,팰컨스 비욘드 글로벌,Industrials
PSIX,Power Solutions International Inc,파워 솔루션즈 인터내셔널,Industrials
MBX,MBX Biosciences Inc,MBX 바이오사이언시스,Healthcare
WLTH,Wealthfront Corp,웰스프런트,Technology
UPWK,Upwork Inc,업워크,Communication Services
VRDN,Viridian Therapeutics Inc,비리디안 테라퓨틱스,Healthcare
FLYW,Flywire Corp,플라이와이어,Technology
KDK,Kodiak AI Inc,코디악 AI,Technology
RBCAA,Republic Bancorp Inc,리퍼블릭 뱅코프,Financial Services
MAZE,Maze Therapeutics Inc,메이즈 테라퓨틱스,Healthcare
PGNY,Progyny Inc,프로지니,Healthcare
PICS,Pics NV,픽스,Technology
AVAH,Aveanna Healthcare Holdings Inc,애비아나 헬스케어 홀딩스,Healthcare
BCAX,Bicara Therapeutics Inc,비카라 테라퓨틱스,Healthcare
GILT,Gilat Satellite Networks Ltd,질랫 새틀라이트 네트웍스,Technology
PLPC,Preformed Line Products Co,프리폼드 라인 프로덕츠,Industrials
ATAI,AtaiBeckley Inc,아타이벡리,Healthcare
CNOB,ConnectOne Bancorp Inc,커넥트원 뱅코프,Financial Services
SKYT,Skywater Technology Inc,스카이워터 테크놀로지,Technology
WBTN,Webtoon Entertainment Inc,웹툰 엔터테인먼트,Communication Services
TH,Target Hospitality Corp,타깃 호스피탤리티,Industrials
IMTX,Immatics NV,이매틱스,Healthcare
ASTH,Astrana Health Inc,아스트라나 헬스,Healthcare
PDFS,PDF Solutions Inc,PDF 솔루션즈,Technology
GLUE,Monte Rosa Therapeutics Inc,몬테로사 테라퓨틱스,Healthcare
IOVA,Iovance Biotherapeutics Inc,아이오밴스 바이오테라퓨틱스,Healthcare
OPRA,Opera Ltd ADR,오페라,Communication Services
CSWC,Capital Southwest Corp,캐피털 사우스웨스트,Financial Services
PLSE,Pulse Biosciences Inc,펄스 바이오사이언시스,Healthcare
OLPX,Olaplex Holdings Inc,올라플렉스 홀딩스,Consumer Cyclical
LILAK,Liberty Latin America Ltd Class C,리버티 라틴 아메리카,Communication Services
AFYA,Afya Ltd,아프야,Consumer Defensive
OCS,Oculis Holding AG,오큘리스 홀딩,Healthcare
SMPL,Simply Good Foods Co,심플리 굿 푸즈,Consumer Defensive
ZBIO,Zenas Biopharma Inc,제나스 바이오파마,Healthcare
WVE,WAVE Life Sciences Ltd,웨이브 라이프사이언시스,Healthcare
OLMA,Olema Pharmaceuticals Inc,올레마 파마슈티컬스,Healthcare
TRS,TriMas Corp,트라이마스,Consumer Cyclical
HCSG,Healthcare Services Group Inc,헬스케어 서비스 그룹,Healthcare
HROW,Harrow Inc,해로우,Healthcare
TSHA,Taysha Gene Therapies Inc,테이샤 진 테라피스,Healthcare
LINC,Lincoln Educational Services Corp,링컨 에듀케이셔널 서비스,Consumer Defensive
WEN,Wendy's Co,웬디스,Consumer Cyclical
PRCT,Procept Biorobotics Corp,프로셉트 바이오로보틱스,Healthcare
NVAX,Novavax Inc,노바백스,Healthcare
IQ,iQIYI Inc ADR,아이치이,Communication Services
WABC,Westamerica Bancorp,웨스트아메리카 뱅코프,Financial Services
ASTE,Astec Industries Inc,아스텍 인더스트리스,Industrials
INOD,Innodata Inc,이노데이터,Technology
IMOS,ChipMOS Technologies Inc ADR,칩모스 테크놀로지스,Technology
PSEC,Prospect Capital Corp,프로스펙트 캐피털,Financial Services
TNDM,Tandem Diabetes Care Inc,탠덤 다이아비티스 케어,Healthcare
TRIN,Trinity Capital Inc,트리니티 캐피털,Financial Services
ICFI,ICF International Inc,ICF 인터내셔널,Industrials
TRIP,Tripadvisor Inc,트립어드바이저,Consumer Cyclical
SBET,Sharplink Inc,샤프링크,Financial Services
KEEL,Keel Infrastructure Corp,킬 인프라스트럭처,Technology
DSGR,Distribution Solutions Group Inc,디스트리뷰션 솔루션즈 그룹,Industrials
WLFC,Willis Lease Finance Corp,윌리스 리스 파이낸스,Industrials
MLTX,MoonLake Immunotherapeutics,문레이크 이뮤노테라퓨틱스,Healthcare
LWLG,Lightwave Logic Inc,라이트웨이브 로직,Basic Materials
PRGS,Progress Software Corp,프로그레스 소프트웨어,Technology
XPEL,Xpel Inc,엑스펠,Consumer Cyclical
OUST,Ouster Inc,아우스터,Technology
PEBO,Peoples Bancorp Inc,피플스 뱅코프,Financial Services
ELE,Elemental Royalty Corp,엘리멘털 로열티,Basic Materials
ENVX,Enovix Corp,이노빅스,Industrials
CCB,Coastal Financial Corp (EVERETT),코스털 파이낸셜,Financial Services
AMAL,Amalgamated Financial Corp,아말가메이티드 파이낸셜,Financial Services
CRVS,Corvus Pharmaceuticals Inc,코버스 파마슈티컬스,Healthcare
NNNN,Anbio Biotechnology,안바이오 바이오테크놀로지,Healthcare
VMET,Versamet Royalties Corp,버사메트 로열티스,Basic Materials
IRMD,IRadimed Corp,아이라디메드,Healthcare
BITF,Bitfarms Ltd,비트팜스,Financial Services
PLTK,Playtika Holding Corp,플레이티카 홀딩,Communication Services
GIII,G-III Apparel Group Ltd,G-III 어패럴 그룹,Consumer Cyclical
SVRA,Savara Inc,사바라,Healthcare
RDWR,Radware Ltd,래드웨어,Technology
NVCR,Novocure Ltd,노보큐어,Healthcare
WLDN,Willdan Group  Inc,윌단 그룹,Industrials
PHAR,Pharming Group NV ADR,파밍 그룹,Healthcare
PZZA,Papa John's International Inc,파파 존스 인터내셔널,Consumer Cyclical
FIVN,Five9 Inc,파이브9,Technology
ROCK,Gibraltar Industries Inc,지브롤터 인더스트리스,Industrials
CTBI,Community Trust Bancorp Inc,커뮤니티 트러스트 뱅코프,Financial Services
KMTS,Kestra Medical Technologies Ltd,케스트라 메디컬 테크놀로지스,Healthcare
EYPT,EyePoint Inc,아이포인트,Healthcare
FMBH,First Mid Bancshares Inc,퍼스트 미드 뱅크셰어스,Financial Services
ACDC,ProFrac Holding Corp,프로프랙 홀딩,Energy
TIGR,UP Fintech Holding Ltd ADR,UP 핀테크 홀딩,Financial Services
LIND,Lindblad Expeditions Holdings Inc,린드블라드 익스페디션스 홀딩스,Consumer Cyclical
SEPN,Septerna Inc,셉터나,Healthcare
GERN,Geron Corp,제론,Healthcare
AVBP,ArriVent BioPharma Inc,아리벤트 바이오파마,Healthcare
MRTN,Marten Transport Ltd,마튼 트랜스포트,Industrials
TRUP,Trupanion Inc,트루패니언,Financial Services
RUSHB,Rush Enterprises Inc Class B,러시 엔터프라이즈,Consumer Cyclical
HFWA,Heritage Financial Corp,헤리티지 파이낸셜,Financial Services
REAL,RealReal Inc,리얼리얼,Consumer Cyclical
GPRE,Green Plains Inc,그린 플레인스,Basic Materials
EVLV,Evolv Technologies Holdings Inc,이볼브 테크놀로지스 홀딩스,Industrials
SAFT,Safety Insurance Group Inc,세이프티 인슈어런스 그룹,Financial Services
JCAP,Jefferson Capital Inc,제퍼슨 캐피털,Financial Services
OSBC,Old Second Bancorp Inc,올드 세컨드 뱅코프,Financial Services
CRAI,CRA International Inc,CRA 인터내셔널,Industrials
SHLS,Shoals Technologies Group Inc,쇼얼스 테크놀로지스 그룹,Technology
CCEC,Capital Clean Energy Carriers Corp,캐피털 클린 에너지 캐리어스,Industrials
QURE,Uniqure NV,유니큐어,Healthcare
OCFC,OceanFirst Financial Corp,오션퍼스트 파이낸셜,Financial Services
INNV,InnovAge Holding Corp,이노베이지 홀딩,Healthcare
PNTG,Pennant Group Inc,페넌트 그룹,Healthcare
ADTN,ADTRAN Holdings Inc,애드트란 홀딩스,Technology
AVO,Mission Produce Inc,미션 프로듀스,Consumer Defensive
MFIC,MidCap Financial Investment Corp,미드캡 파이낸셜 인베스트먼트,Financial Services
IGIC,International General Insurance Holdings Ltd,인터내셔널 제너럴 인슈어런스 홀딩스,Financial Services
ALVO,Alvotech SA,알보텍,Healthcare
APEI,American Public Education Inc,아메리칸 퍼블릭 에듀케이션,Consumer Defensive
NEO,Neogenomics Inc,네오지노믹스,Healthcare
NNE,Nano Nuclear Energy Inc,나노 뉴클리어 에너지,Industrials
PENG,Penguin Solutions Inc,펭귄 솔루션즈,Technology
ELVR,Elevra Lithium Ltd ADR,엘레브라 리튬,Basic Materials
STAA,STAAR Surgical Co,스타 서지컬,Healthcare
ARRY,Array Technologies Inc,어레이 테크놀로지스,Technology
COLL,Collegium Pharmaceutical Inc,콜레기움 파마슈티컬,Healthcare
OCSL,Oaktree Specialty Lending Corp,오크트리 스페셜티 렌딩,Financial Services
LZ,LegalZoom.com Inc,리걸줌닷컴,Industrials
HLIT,Harmonic Inc,하모닉,Technology
KALV,Kalvista Pharmaceuticals Inc,칼비스타 파마슈티컬스,Healthcare
MPLT,MapLight Therapeutics Inc,맵라이트 테라퓨틱스,Healthcare
ITRN,Ituran Location and Control Ltd,이투란 로케이션 앤 컨트롤,Technology
QDEL,QuidelOrtho Corp,퀴델오쏘,Healthcare
UPBD,Upbound Group Inc,업바운드 그룹,Technology
XERS,Xeris Biopharma Holdings Inc,제리스 바이오파마 홀딩스,Healthcare
CCOI,Cogent Communications Holdings Inc,코전트 커뮤니케이션즈 홀딩스,Communication Services
NBN,Northeast Bank,노스이스트 뱅크,Financial Services
ALNT,Allient Inc,얼라이언트,Technology
UVSP,Univest Financial Corp,유니베스트 파이낸셜,Financial Services
HBT,HBT Financial  Inc,HBT 파이낸셜,Financial Services
PGY,Pagaya Technologies Ltd,파가야 테크놀로지스,Technology
ABCL,Abcellera Biologics Inc,앱셀레라 바이올로직스,Healthcare
AZTA,Azenta Inc,아젠타,Healthcare
CLOV,Clover Health Investments Corp,클로버 헬스 인베스트먼츠,Healthcare
SATL,Satellogic Inc,새텔로직,Industrials
MSEX,Middlesex Water Co,미들섹스 워터,Utilities
NBBK,NB Bancorp Inc,NB 뱅코프,Financial Services
PCT,Purecycle Technologies Inc,퓨어사이클 테크놀로지스,Industrials
LQDT,Liquidity Services Inc,리퀴디티 서비스,Consumer Cyclical
BMBL,Bumble Inc,범블,Communication Services
UFCS,United Fire Group Inc,유나이티드 파이어 그룹,Financial Services
MLKN,MillerKnoll Inc,밀러놀,Consumer Cyclical
RZLV,Rezolve AI PLC,리졸브 AI,Technology
SBGI,Sinclair Inc,싱클레어,Communication Services
CFFN,Capitol Federal Financial Inc,캐피톨 페더럴 파이낸셜,Financial Services
ANNX,Annexon Inc,애넥슨,Healthcare
JBSS,John B Sanfilippo & Son Inc,존 B. 샌필리포 앤 선,Consumer Defensive
SSII,SS Innovations International Inc,에스에스 이노베이션스 인터내셔널,Healthcare
CMPX,Compass Therapeutics Inc.,컴퍼스 테라퓨틱스,Healthcare
SIFY,Sify Technologies Ltd ADR,사이파이 테크놀로지스,Communication Services
CRML,Critical Metals Corp,크리티컬 메탈스,Basic Materials
CRON,Cronos Group Inc,크로노스 그룹,Healthcare
BHRB,Burke & Herbert Financial Services Corp,버크 앤 허버트 파이낸셜 서비스,Financial Services
OXLC,Oxford Lane Capital Corp,옥스퍼드 레인 캐피털,Financial Services
DAKT,Daktronics Inc,닥트로닉스,Technology
AMPH,Amphastar Pharmaceuticals  Inc,암파스타 파마슈티컬스,Healthcare
LMB,Limbach Holdings Inc,림바흐 홀딩스,Industrials
CTMX,CytomX Therapeutics Inc,사이톰엑스 테라퓨틱스,Healthcare
HDL,Super Hi International Holding Ltd ADR,슈퍼하이 인터내셔널 홀딩,Consumer Cyclical
BLFS,BioLife Solutions Inc,바이오라이프 솔루션즈,Healthcare
IPX,Iperionx Ltd ADR,아이페리온엑스,Basic Materials
ABTC,American Bitcoin Corp,아메리칸 비트코인,Financial Services
CRTO,Criteo SA ADR,크리테오,Communication Services
PRCH,Porch Group Inc,포치 그룹,Financial Services
ESQ,Esquire Financial Holdings Inc,에스콰이어 파이낸셜 홀딩스,Financial Services
EVO,Evotec SE ADR,에보텍,Healthcare
PCRX,Pacira Biosciences Inc,파시라 바이오사이언시스,Healthcare
INBX,Inhibrx Biosciences Inc,인하이브렉스 바이오사이언시스,Healthcare
MOMO,Hello Group Inc ADR,헬로 그룹,Communication Services
GHRS,GH Research PLC,GH 리서치,Healthcare
TBLA,Taboola.com Ltd,타불라닷컴,Communication Services
POET,POET Technologies Inc,포엣 테크놀로지스,Technology
PHAT,Phathom Pharmaceuticals Inc,패텀 파마슈티컬스,Healthcare
EXPI,eXp World Holdings Inc,익스피 월드 홀딩스,Real Estate
JANX,Janux Therapeutics Inc,제이넉스 테라퓨틱스,Healthcare
BFST,Business First Bancshares Inc,비즈니스 퍼스트 뱅크셰어스,Financial Services
CDNA,CareDx Inc,케어디엑스,Healthcare
CCNE,CNB Financial Corp,씨엔비 파이낸셜,Financial Services
XNCR,Xencor Inc,젠코어,Healthcare
CGEM,Cullinan Therapeutics Inc,컬리넌 테라퓨틱스,Healthcare
MBWM,Mercantile Bank Corp,머캔타일 뱅크,Financial Services
SNCY,Sun Country Airlines Holdings Inc,선 컨트리 에어라인즈 홀딩스,Industrials
AMPL,Amplitude Inc,앰플리튜드,Technology
HPK,Highpeak Energy Inc,하이피크 에너지,Energy
AKTS,Aktis Oncology Inc,액티스 온콜로지,Healthcare
ORIC,Oric Pharmaceuticals Inc,오릭 파마슈티컬스,Healthcare
FTRE,Fortrea Holdings Inc,포트레아 홀딩스,Healthcare
OPK,OPKO Health Inc,옵코 헬스,Healthcare
KRUS,Kura Sushi USA Inc,쿠라 스시 USA,Consumer Cyclical
ARHS,Arhaus Inc,아르하우스,Consumer Cyclical
URGN,Urogen Pharma Ltd,유로젠 파마,Healthcare
CRCT,Cricut Inc,크리컷,Technology
ABUS,Arbutus Biopharma Corp,아르부투스 바이오파마,Healthcare
APC,Arko Petroleum Corp,아르코 페트롤리엄,Energy
VERB,Verb Technology Company Inc,버브 테크놀로지,Unknown
HBNC,Horizon Bancorp Inc,호라이즌 뱅코프,Financial Services
LMRI,Lumexa Imaging Holdings Inc,루멕사 이미징 홀딩스,Healthcare
MCBS,Metrocity Bankshares Inc,메트로시티 뱅크셰어스,Financial Services
CSHR,Coinshares PLC,코인셰어즈,Financial Services
INMD,Inmode Ltd,인모드,Healthcare
HEPS,D Market Elektronik Hizmetler ve Ticaret AS ADR,D마켓 일렉트로닉 히즈메틀레르 베 티자렛,Consumer Cyclical
WOOF,Petco Health and Wellness Company Inc,펫코 헬스 앤 웰니스 컴퍼니,Consumer Cyclical
ODD,Oddity Tech Ltd,오디티 테크,Consumer Defensive
TALK,Talkspace Inc,토크스페이스,Healthcare
CERT,Certara Inc,서타라,Healthcare
RJET,Republic Airways Holdings Inc,리퍼블릭 에어웨이스 홀딩스,Industrials
TBPH,Theravance Biopharma Inc,테라밴스 바이오파마,Healthcare
YB,Yuanbao Inc ADR,위안바오,Technology
SCHL,Scholastic Corp,스콜라스틱,Communication Services
THRM,Gentherm Inc,젠썸,Consumer Cyclical
LGIH,LGI Homes Inc,LGI 홈스,Consumer Cyclical
METC,Ramaco Resources Inc Class A,라마코 리소시스 클래스 A,Basic Materials
SDGR,Schrodinger Inc,슈뢰딩거,Healthcare
SANA,Sana Biotechnology Inc,사나 바이오테크놀로지,Healthcare
VINP,Vinci Compass Investments Ltd,빈치 컴퍼스 인베스트먼츠,Financial Services
MPB,Mid Penn Bancorp Inc,미드 펜 뱅코프,Financial Services
ATLC,Atlanticus Holdings Corp,애틀랜티쿠스 홀딩스,Financial Services
CAC,Camden National Corp,캠든 내셔널,Financial Services
HTLD,Heartland Express Inc,하트랜드 익스프레스,Industrials
ULCC,Frontier Group Holdings Inc,프런티어 그룹 홀딩스,Industrials
FSBC,Five Star Bancorp,파이브 스타 뱅코프,Financial Services
AIP,Arteris Inc,아르테리스,Technology
VOR,Vor Biopharma Inc,보어 바이오파마,Healthcare
SPFI,South Plains Financial Inc,사우스 플레인스 파이낸셜,Financial Services
SENEA,Seneca Foods Corp Class A,세네카 푸즈,Consumer Defensive
LOT,Lotus Technology Inc ADR,로터스 테크놀로지,Consumer Cyclical
CSIQ,Canadian Solar Inc,캐나디안 솔라,Technology
SLS,Sellas Life Sciences Group Inc,셀라스 라이프 사이언시스 그룹,Healthcare
SPRY,ARS Pharmaceuticals Inc,ARS 파마슈티컬스,Healthcare
NAVI,Navient Corp,내비언트,Financial Services
JBIO,Jade Biosciences Inc,제이드 바이오사이언시스,Healthcare
MATW,Matthews International Corp,매튜스 인터내셔널,Industrials
FCBC,First Community Bankshares Inc,퍼스트 커뮤니티 뱅크셰어스,Financial Services
SHEN,Shenandoah Telecommunications Co,셰넌도어 텔레커뮤니케이션스,Communication Services
HAFC,Hanmi Financial Corp,한미 파이낸셜,Financial Services
SLRC,SLR Investment Corp,SLR 인베스트먼트,Financial Services
SCSC,Scansource Inc,스캔소스,Technology
FMNB,Farmers National Banc Corp,파머스 내셔널 뱅코프,Financial Services
HTBK,Heritage Commerce Corp,헤리티지 커머스,Financial Services
NMFC,New Mountain Finance Corp,뉴 마운틴 파이낸스,Financial Services
TRST,TrustCo Bank Corp NY,트러스트코 뱅크,Financial Services
MNKD,MannKind Corp,맨카인드,Healthcare
OMER,Omeros Corp,오메로스,Healthcare
LIFE,Ethos Technologies Inc,에토스 테크놀로지스,Financial Services
AEVA,Aeva Technologies Inc,에이바 테크놀로지스,Technology
EGBN,Eagle Bancorp Inc,이글 뱅코프,Financial Services
CTLP,Cantaloupe Inc,캔털루프,Technology
BJRI,BJ's Restaurants Inc,BJ스 레스토랑스,Consumer Cyclical
BIOA,BIOAGE Labs Inc,바이오에이지 랩스,Healthcare
KURA,Kura Oncology Inc,쿠라 온콜로지,Healthcare
CCBG,Capital City Bank Group Inc,캐피털 시티 뱅크 그룹,Financial Services
CGBD,Carlyle Secured Lending Inc,칼라일 시큐어드 렌딩,Financial Services
MGTX,MeiraGTx Holdings PLC,메이라GTX 홀딩스,Healthcare
EH,EHang Holdings Ltd ADR,이항 홀딩스,Industrials
CRESY,Cresud SACIF y A ADR,크레수드,Industrials
ATEX,Anterix Inc,앤터릭스,Communication Services
STKL,Sunopta Inc,선옵타,Consumer Defensive
THFF,First Financial Corp,퍼스트 파이낸셜,Financial Services
SLDB,Solid Biosciences Inc,솔리드 바이오사이언시스,Healthcare
AEBI,Aebi Schmidt Holding AG,에비 슈미트 홀딩스,Industrials
GSM,Ferroglobe PLC,페로글로브,Basic Materials
NWPX,NWPX Infrastructure Inc,NWPX 인프라스트럭처,Basic Materials
DSGN,Design Therapeutics Inc,디자인 테라퓨틱스,Healthcare
TLRY,Tilray Brands Inc,틸레이 브랜즈,Healthcare
DRUG,Bright Minds Biosciences Inc,브라이트 마인즈 바이오사이언시스,Healthcare
IVA,Inventiva SA ADR,인벤티바,Healthcare
MRVI,Maravai LifeSciences Holdings Inc,마라바이 라이프사이언시스 홀딩스,Healthcare
SVC,Service Properties Trust,서비스 프로퍼티즈 트러스트,Real Estate
NEGG,Newegg Commerce Inc,뉴에그 커머스,Consumer Cyclical
CSTL,Castle Biosciences Inc,캐슬 바이오사이언시스,Healthcare
BBSI,Barrett Business Services Inc,배럿 비즈니스 서비스,Industrials
BETR,Better Home & Finance Holding Co,베터 홈 앤 파이낸스 홀딩,Financial Services
BRBI,BRBI BR Partners SA ADR,BR 파트너스,Financial Services
HNRG,Hallador Energy Co,할라도르 에너지,Energy
BVS,Bioventus Inc,바이오벤투스,Healthcare
YDDL,One and one Green Technologies.INC,원앤원 그린 테크놀로지스,Industrials
SMBC,Southern Missouri Bancorp Inc,서던 미주리 뱅코프,Financial Services
OMDA,Omada Health Inc,오마다 헬스,Healthcare
ORRF,Orrstown Financial Services Inc,오어스타운 파이낸셜 서비스,Financial Services
ARVN,Arvinas Inc,아비나스,Healthcare
SCZM,Santacruz Silver Mining Ltd,산타크루즈 실버 마이닝,Basic Materials
IART,Integra Lifesciences Holdings Corp,인테그라 라이프사이언시스 홀딩스,Healthcare
LBRX,LB Pharmaceuticals Inc,LB 파마슈티컬스,Healthcare
BLDP,Ballard Power Systems Inc,발라드 파워 시스템즈,Industrials
APOG,Apogee Enterprises Inc,아포지 엔터프라이즈,Industrials
GDEN,Golden Entertainment Inc,골든 엔터테인먼트,Consumer Cyclical
WRLD,World Acceptance Corp,월드 액셉턴스,Financial Services
NUTX,Nutex Health Inc,뉴텍스 헬스,Healthcare
DJCO,Daily Journal Corp,데일리 저널,Technology
GSBC,Great Southern Bancorp Inc,그레이트 서던 뱅코프,Financial Services
CMPS,Compass Pathways PLC ADR,컴퍼스 패스웨이스,Healthcare
RLMD,Relmada Therapeutics Inc,렐마다 테라퓨틱스,Healthcare
PRAA,PRA Group Inc,PRA 그룹,Financial Services
AXG,Solowin Holdings Ltd,솔로윈 홀딩스,Financial Services
TRNS,Transcat Inc,트랜스캣,Industrials
SGP,SpyGlass Pharma Inc,스파이글래스 파마,Healthcare
UDMY,Udemy Inc,유데미,Consumer Defensive
GDRX,GoodRx Holdings Inc,굿알엑스 홀딩스,Healthcare
NRDS,NerdWallet Inc,너드월렛,Communication Services
KRNT,Kornit Digital Ltd,코닛 디지털,Industrials
ADSE,Ads-Tec Energy PLC,애즈텍 에너지,Industrials
IBCP,Independent Bank Corp (Michigan),인디펜던트 뱅크,Financial Services
QNST,QuinStreet Inc,퀸스트리트,Communication Services
ROOT,Root Inc,루트,Financial Services
DSP,Viant Technology Inc,비안트 테크놀로지,Technology
SSYS,Stratasys Ltd,스트라타시스,Technology
AOSL,Alpha and Omega Semiconductor Ltd,알파 앤 오메가 세미컨덕터,Technology
GO,Grocery Outlet Holding Corp,그로서리 아웃렛 홀딩,Consumer Defensive
IIIV,I3 Verticals Inc,아이3 버티컬스,Technology
LYTS,LSI Industries Inc,LSI 인더스트리스,Technology
ETON,Eton Pharmaceuticals Inc,이튼 파마슈티컬스,Healthcare
NTGR,NETGEAR Inc,넷기어,Technology
LXRX,Lexicon Pharmaceuticals Inc,렉시콘 파마슈티컬스,Healthcare
FDUS,Fidus Investment Corp,피더스 인베스트먼트,Financial Services
UXIN,Uxin Ltd ADR,유신,Consumer Cyclical
CBLL,Ceribell Inc,세리벨,Healthcare
BBOT,BridgeBio Oncology Therapeutics Inc,브리지바이오 온콜로지 테라퓨틱스,Healthcare
ADAM,Adamas Trust Inc,아다마스 트러스트,Real Estate
FWRG,First Watch Restaurant Group Inc,퍼스트 워치 레스토랑 그룹,Consumer Cyclical
TBLD,Thornburg Income Builder Opportunities Trust,쏜버그 인컴 빌더 오퍼튜니티스 트러스트,Financial Services
SWBI,Smith & Wesson Brands Inc,스미스 앤 웨슨 브랜즈,Industrials
WASH,Washington Trust Bancorp Inc,워싱턴 트러스트 뱅코프,Financial Services
PGC,Peapack-Gladstone Financial Corp,피팩-글래드스톤 파이낸셜,Financial Services
DMII,Drugs Made In America Acquisition II Corp,드럭스 메이드 인 아메리카 애퀴지션 II,Financial Services
NB,NioCorp Developments Ltd,니오코프 디벨롭먼츠,Basic Materials
FISI,Financial Institutions Inc,파이낸셜 인스티튜션스,Financial Services
FOXF,Fox Factory Holding Corp,폭스 팩토리 홀딩,Consumer Cyclical
GYRE,Gyre Therapeutics Inc,자이어 테라퓨틱스,Healthcare
INDI,indie Semiconductor Inc,인디 세미컨덕터,Technology
PSNL,Personalis Inc,퍼스널리스,Healthcare
REPL,Replimune Group Inc,리플리뮨 그룹,Healthcare
SHBI,Shore Bancshares Inc,쇼어 뱅크셰어스,Financial Services
ASST,Strive Inc,스트라이브,Financial Services
CGNT,Cognyte Software Ltd,코그나이트 소프트웨어,Technology
ALLO,Allogene Therapeutics Inc,알로진 테라퓨틱스,Healthcare
CDNL,Cardinal Infrastructure Group Inc,카디널 인프라스트럭처 그룹,Industrials
AMSF,Amerisafe Inc,아메리세이프,Financial Services
CBRL,Cracker Barrel Old Country Store Inc,크래커 배럴 올드 컨트리 스토어,Consumer Cyclical
VLGEA,Village Super Market Inc,빌리지 슈퍼 마켓,Consumer Defensive
MAMA,Mama's Creations Inc,마마스 크리에이션스,Consumer Defensive
LPTH,LightPath Technologies Inc,라이트패스 테크놀로지스,Technology
RSVR,Reservoir Media Inc,레저버 미디어,Communication Services
HIFS,Hingham Institution For Savings,힝엄 인스티튜션 포 세이빙스,Financial Services
IMSR,Terrestrial Energy Inc,테레스트리얼 에너지,Utilities
TIPT,Tiptree Inc,팁트리,Financial Services
DRTS,Alpha Tau Medical Ltd,알파 타우 메디컬,Healthcare
SLDP,Solid Power Inc,솔리드 파워,Consumer Cyclical
CWBC,Community West Bancshares,커뮤니티 웨스트 뱅크셰어스,Financial Services
ALRS,Alerus Financial Corp,알레루스 파이낸셜,Financial Services
ARKO,Arko Corp.,아르코,Consumer Cyclical
MITK,Mitek Systems Inc,마이텍 시스템즈,Technology
PRME,Prime Medicine Inc,프라임 메디신,Healthcare
GLRE,Greenlight Capital Re Ltd,그린라이트 캐피털 리,Financial Services
FIP,Ftai Infrastructure Inc,에프티에이아이 인프라스트럭처,Industrials
SERV,Serve Robotics Inc,서브 로보틱스,Industrials
VITL,Vital Farms Inc,바이털 팜스,Consumer Defensive
TRON,TRON Inc,트론,Consumer Cyclical
PURR,Hyperliquid Strategies Inc,하이퍼리퀴드 스트래티지스,Financial Services
SWIM,Latham Group Inc,레이섬 그룹,Industrials
TASK,Taskus Inc,태스크어스,Technology
HSTM,HealthStream Inc,헬스스트림,Healthcare
RRBI,Red River Bancshares Inc,레드 리버 뱅크셰어스,Financial Services
CRSR,Corsair Gaming Inc,커세어 게이밍,Technology
ESPR,Esperion Therapeutics Inc,에스페리온 테라퓨틱스,Healthcare
SABR,Sabre Corp,세이버,Technology
CTKB,Cytek Biosciences Inc,사이텍 바이오사이언시스,Healthcare
SWMR,Swarmer Inc,스워머,Technology
BCAL,California Bancorp,캘리포니아 뱅코프,Financial Services
GAIN,Gladstone Investment Corp,글래드스톤 인베스트먼트,Financial Services
KE,Kimball Electronics Inc,킴볼 일렉트로닉스,Industrials
OPT,Opthea Ltd ADR,옵테아,Unknown
CASS,Cass Information Systems Inc,캐스 인포메이션 시스템즈,Industrials
SIBN,SI-BONE Inc,에스아이본,Healthcare
CEPF,Cantor Equity Partners IV Inc,캔터 에쿼티 파트너스 IV,Financial Services
MFI,mF International Limited,엠에프 인터내셔널,Technology
AROW,Arrow Financial Corp,애로우 파이낸셜,Financial Services
AMWD,American Woodmark Corp,아메리칸 우드마크,Consumer Cyclical
NFBK,Northfield Bancorp Inc,노스필드 뱅코프,Financial Services
ALTI,AlTi Global  Inc,알티 글로벌,Financial Services
MDXG,MiMedx Group Inc,마이멕스 그룹,Healthcare
ANL,Adlai Nortye Ltd ADR,애들레이 노티예,Healthcare
DNUT,Krispy Kreme Inc,크리스피 크림,Consumer Defensive
OCGN,Ocugen Inc,오큐젠,Healthcare
TREE,Lendingtree Inc,렌딩트리,Financial Services
ULH,Universal Logistics Holdings Inc,유니버설 로지스틱스 홀딩스,Industrials
ZVRA,Zevra Therapeutics Inc,제브라 테라퓨틱스,Healthcare
CCXI,Churchill Capital Corp XI,처칠 캐피털 XI,Financial Services
GOOD,Gladstone Commercial Corp,글래드스톤 커머셜,Real Estate
CRMD,CorMedix Inc,코어메딕스,Healthcare
MAKO,Mako Mining Corp,마코 마이닝,Basic Materials
GOGO,Gogo Inc,고고,Communication Services
KRT,Karat Packaging Inc,캐럿 패키징,Consumer Cyclical
EVGO,EVgo Inc,이브이고,Consumer Cyclical
IRWD,Ironwood Pharmaceuticals Inc,아이언우드 파마슈티컬스,Healthcare
KYTX,Kyverna Therapeutics Inc,카이버나 테라퓨틱스,Healthcare
BAND,Bandwidth Inc,밴드위드,Technology
PFIS,Peoples Financial Services Corp,피플스 파이낸셜 서비스,Financial Services
PRTA,Prothena Corporation PLC,프로테나,Healthcare
MTC,MMTEC Inc,엠엠텍,Technology
CLNE,Clean Energy Fuels Corp,클린 에너지 퓨얼스,Energy
EVER,EverQuote Inc,에버쿼트,Communication Services
PROK,Prokidney Corp,프로키드니,Healthcare
FWRD,Forward Air Corp (Delaware),포워드 에어,Industrials
TCMD,Tactile Systems Technology Inc,택타일 시스템즈 테크놀로지,Healthcare
ERII,Energy Recovery Inc,에너지 리커버리,Industrials
TECX,Tectonic Therapeutic Inc,텍토닉 테라퓨틱,Healthcare
ACIC,American Coastal Insurance Corp,아메리칸 코스털 인슈어런스,Financial Services
FEIM,Frequency Electronics Inc,프리퀀시 일렉트로닉스,Technology
CWCO,Consolidated Water Co Ltd,콘솔리데이티드 워터,Utilities
DGICA,Donegal Group Inc Class A,도네갈 그룹,Financial Services
BMM,Blue Moon Metals Inc,블루 문 메탈스,Basic Materials
UNTY,Unity Bancorp Inc,유니티 뱅코프,Financial Services
CEVA,CEVA Inc,세바,Technology
ZURA,Zura Bio Ltd,주라 바이오,Healthcare
FFIC,Flushing Financial Corp,플러싱 파이낸셜,Financial Services
RIGL,Rigel Pharmaceuticals Inc,리겔 파마슈티컬스,Healthcare
MRLN,Merlin Inc,멀린,Industrials
TRDA,Entrada Therapeutics Inc,엔트라다 테라퓨틱스,Healthcare
CBIO,Crescent Biopharma Inc,크레센트 바이오파마,Healthcare
NRIM,Northrim BanCorp Inc,노스림 뱅코프,Financial Services
UPB,Upstream Bio Inc,업스트림 바이오,Healthcare
ANNA,AleAnna Inc,알레안나,Energy
GEMI,Gemini Space Station Inc,제미니 스페이스 스테이션,Financial Services
RDVT,Red Violet Inc,레드 바이올렛,Technology
LRMR,Larimar Therapeutics Inc,라리마 테라퓨틱스,Healthcare
EMBC,Embecta Corp,엠벡타,Healthcare
FDMT,4D Molecular Therapeutics Inc,4D 몰레큘러 테라퓨틱스,Healthcare
TATT,TAT Technologies Ltd,티에이티 테크놀로지스,Industrials
FULC,Fulcrum Therapeutics Inc,풀크럼 테라퓨틱스,Healthcare
CARE,Carter Bankshares Inc,카터 뱅크셰어스,Financial Services
MLAB,Mesa Laboratories Inc,메사 래버러토리스,Technology
OWLS,OBOOK Holdings Inc,오북 홀딩스,Technology
UROY,Uranium Royalty Corp,우라늄 로열티,Energy
AGMB,Agomab Therapeutics NV ADR,아고맙 테라퓨틱스,Healthcare
AVR,Anteris Technologies Global Corp,앤터리스 테크놀로지스 글로벌,Healthcare
REAX,Real Brokerage Inc,리얼 브로커리지,Real Estate
VALN,Valneva SE ADR,발네바,Healthcare
ACNB,ACNB Corp,에이씨엔비 코프,Financial Services
JOUT,Johnson Outdoors Inc,존슨 아웃도어스,Consumer Cyclical
BWB,Bridgewater Bancshares Inc,브리지워터 뱅크셰어스,Financial Services
ASPI,ASP Isotopes Inc,에이에스피 아이소토프스,Basic Materials
BWMN,Bowman Consulting Group Ltd,보우먼 컨설팅 그룹,Industrials
LYEL,Lyell Immunopharma Inc,라이엘 이뮤노파마,Healthcare
RMR,RMR Group Inc,알엠알 그룹,Real Estate
KRNY,Kearny Financial Corp,커니 파이낸셜,Financial Services
HIVE,HIVE Digital Technologies Ltd,하이브 디지털 테크놀로지스,Financial Services
MSBI,Midland States Bancorp Inc,미들랜드 스테이츠 뱅코프,Financial Services
AQST,Aquestive Therapeutics Inc,어퀘스티브 테라퓨틱스,Healthcare
CBNK,Capital Bancorp Inc,캐피털 뱅코프,Financial Services
MCTA,Charming Medical Ltd,차밍 메디컬,Healthcare
CVGW,Calavo Growers Inc,칼라보 그로워스,Consumer Defensive
ACTG,Acacia Research Corp,아카시아 리서치,Industrials
MVST,Microvast Holdings Inc,마이크로바스트 홀딩스,Consumer Cyclical
IHRT,iHeartMedia Inc,아이하트미디어,Communication Services
YDES,YD Bio Ltd,와이디 바이오,Healthcare
HBCP,Home Bancorp Inc,홈 뱅코프,Financial Services
ENGN,enGene Holdings Inc,엔진 홀딩스,Healthcare
BWAY,Brainsway Ltd ADR,브레인스웨이,Healthcare
GRPN,Groupon Inc,그루폰,Communication Services
WYFI,WhiteFiber Inc,화이트파이버,Technology
NPCE,Neuropace Inc,뉴로페이스,Healthcare
CIVB,Civista Bancshares Inc,시비스타 뱅크셰어스,Financial Services
STTK,Shattuck Labs Inc,샤턱 랩스,Healthcare
GDYN,Grid Dynamics Holdings Inc,그리드 다이내믹스 홀딩스,Technology
BLMN,Bloomin' Brands Inc,블루민 브랜즈,Consumer Cyclical
MLAA,Mountain Lake Acquisition II Corp,마운틴 레이크 애퀴지션 II,
IMMX,Immix Biopharma Inc,이믹스 바이오파마,Healthcare
VSTM,Verastem Inc,베라스템,Healthcare
GEVO,Gevo Inc,지보,Basic Materials
IMXI,International Money Express Inc,인터내셔널 머니 익스프레스,Technology
KMDA,Kamada Ltd,카마다,Healthcare
AVIR,Atea Pharmaceuticals Inc,아테아 파마슈티컬스,Healthcare
EIKN,Eikon Therapeutics Inc,아이콘 테라퓨틱스,Healthcare
CTNM,Contineum Therapeutics Inc,컨티니엄 테라퓨틱스,Healthcare
LEGH,Legacy Housing Corporation,레거시 하우징,Consumer Cyclical
FLGT,Fulgent Genetics Inc,풀전트 제네틱스,Healthcare
PANL,Pangaea Logistics Solutions Ltd,판게아 로지스틱스 솔루션스,Industrials
MNRO,Monro Inc,먼로,Consumer Cyclical
LAES,Sealsq Corp,실스큐,Technology
FBIZ,First Business Financial Services Inc,퍼스트 비즈니스 파이낸셜 서비스,Financial Services
OFIX,Orthofix Medical Inc,오소픽스 메디컬,Healthcare
ALOY,REalloys Inc,리얼로이스,Basic Materials
ANSC,Agriculture & Natural Solutions Acquisition Corp,애그리컬처 앤 내추럴 솔루션스 애퀴지션,Financial Services
LXEO,Lexeo Therapeutics Inc,렉시오 테라퓨틱스,Healthcare
DHIL,Diamond Hill Investment Group Inc,다이아몬드 힐 인베스트먼트 그룹,Financial Services
VBNK,Versabank,버사뱅크,Financial Services
CRAN,Crane Harbor Acquisition Corp II,크레인 하버 애퀴지션 II,Financial Services
CCSI,Consensus Cloud Solutions Inc,컨센서스 클라우드 솔루션스,Technology
WEST,Westrock Coffee Co,웨스트록 커피,Consumer Defensive
SFST,Southern First Bancshares Inc,서던 퍼스트 뱅크셰어스,Financial Services
ASTL,Algoma Steel Group Inc,알고마 스틸 그룹,Basic Materials
GLOO,Gloo Holdings Inc,글루 홀딩스,Technology
GTEN,Gores Holdings X Inc,고어스 홀딩스 X,Financial Services
KOPN,Kopin Corp,코핀,Technology
APXT,Apex Treasury Corp,에이펙스 트레저리,Financial Services
ESEA,Euroseas Ltd,유로시즈,Industrials
CYRX,Cryoport Inc,크라이오포트,Industrials
CCAP,Crescent Capital BDC Inc,크레센트 캐피털 BDC,Financial Services
SBC,SBC Medical Group Holdings Inc,SBC 메디컬 그룹 홀딩스,Industrials
BSRR,Sierra Bancorp,시에라 뱅코프,Financial Services
YORW,York Water Co,요크 워터,Utilities
RGNX,Regenxbio Inc,리젠엑스바이오,Healthcare
ASMB,Assembly Biosciences Inc,어셈블리 바이오사이언시스,Healthcare
CGC,Canopy Growth Corp,캐노피 그로스,Healthcare
ACRS,Aclaris Therapeutics Inc,아클라리스 테라퓨틱스,Healthcare
MBUU,Malibu Boats Inc,말리부 보츠,Consumer Cyclical
OBT,Orange County Bancorp Inc,오렌지카운티 뱅코프,Financial Services
ABSI,Absci Corp,앱사이,Healthcare
TDUP,ThredUp Inc,스레드업,Consumer Cyclical
VREX,Varex Imaging Corp,바렉스 이미징,Healthcare
DDI,DoubleDown Interactive Co Ltd ADR,더블다운 인터랙티브,Communication Services
MYGN,Myriad Genetics Inc,미리어드 제네틱스,Healthcare
DCBO,Docebo Inc,도체보,Technology
VNDA,Vanda Pharmaceuticals Inc,반다 파마슈티컬스,Healthcare
ALT,Altimmune Inc,알티뮨,Healthcare
SCVL,Shoe Carnival Inc,슈 카니발,Consumer Cyclical
LAND,Gladstone Land Corp,글래드스톤 랜드,Real Estate
NATR,Nature's Sunshine Products Inc,네이처스 선샤인 프로덕츠,Consumer Defensive
PACB,Pacific Biosciences of California Inc,퍼시픽 바이오사이언시스 오브 캘리포니아,Healthcare
IEAG,Infinite Eagle Acquisition Corp,인피니트 이글 애퀴지션,Financial Services
MBVI,M3-Brigade Acquisition VI Corp,M3-브리게이드 애퀴지션 VI,Financial Services
BBNX,Beta Bionics Inc,베타 바이오닉스,Healthcare
COFS,ChoiceOne Financial Services Inc,초이스원 파이낸셜 서비스,Financial Services
HQ,Horizon Quantum Holdings Ltd,호라이즌 퀀텀 홀딩스,Technology
IACO,Idea Acquisition Corp,아이디어 애퀴지션,Financial Services
RR,Richtech Robotics Inc,리치테크 로보틱스,Industrials
ITIC,Investors Title Co,인베스터스 타이틀,Financial Services
BTBT,Bit Digital Inc,비트 디지털,Financial Services
MESH,Meshflow Acquisition Corp,메시플로우 애퀴지션,Financial Services
DBCA,D Boral Acquisition I Corp,디 보랄 애퀴지션 I,Financial Services
DVLT,Datavault AI Inc,데이터볼트 AI,Technology
STRO,Sutro Biopharma Inc,수트로 바이오파마,Healthcare
SHAZ,SharonAI Holdings Inc,샤론AI 홀딩스,Technology
AURA,Aura Biosciences Inc,오라 바이오사이언시스,Healthcare
KRAQ,KRAKacquisition Corp,크라크 애퀴지션,Financial Services
SFIX,Stitch Fix Inc,스티치 픽스,Consumer Cyclical
PTLO,Portillos Inc,포르틸로스,Consumer Cyclical
OPAL,Opal Fuels Inc,오팔 퓨얼스,Utilities
FRPH,FRP Holdings Inc,FRP 홀딩스,Real Estate
BMRC,Bank of Marin Bancorp,뱅크 오브 마린 뱅코프,Financial Services
PLAY,Dave and Buster's Entertainment  Inc,데이브 앤 버스터스 엔터테인먼트,Communication Services
LOCO,El Pollo Loco Holdings Inc,엘 포요 로코 홀딩스,Consumer Cyclical
GRVY,Gravity Co Ltd ADR,그라비티,Communication Services
PDLB,Ponce Financial Group Inc,폰세 파이낸셜 그룹,Financial Services
BCAR,D Boral ARC Acquisition I Corp,D 보랄 ARC 애퀴지션 I,Financial Services
BELFA,Bel Fuse Inc Class A,벨 퓨즈,Technology
AIOT,PowerFleet Inc,파워플리트,Technology
WTBA,West Bancorporation Inc,웨스트 뱅코퍼레이션,Financial Services
GLAD,Gladstone Capital Corp,글래드스톤 캐피털,Financial Services
NATH,Nathan's Famous Inc,네이선스 페이머스,Consumer Cyclical
XOMA,Xoma Royalty Corp,조마 로열티,Healthcare
OSPN,OneSpan Inc,원스팬,Technology
FRBA,FIRST BANK (Hamilton),퍼스트 뱅크(해밀턴),Financial Services
TITN,Titan Machinery Inc,타이탄 머시너리,Industrials
CZNC,Citizens & Northern Corp,시티즌스 앤 노던,Financial Services
KFII,K&F Growth Acquisition II Corp,K&F 그로스 애퀴지션 II,Financial Services
LSAK,Lesaka Technologies Inc,레사카 테크놀로지스,Technology
PPHC,Public Policy Holding Company Inc,퍼블릭 폴리시 홀딩 컴퍼니,Industrials
EPRX,Eupraxia Pharmaceuticals Inc,유프락시아 파마슈티컬스,Healthcare
CENT,Central Garden & Pet Co,센트럴 가든 앤 펫,Consumer Defensive
CDZI,Cadiz Inc,카디즈,Utilities
MGPI,MGP Ingredients Inc,MGP 인그리디언츠,Consumer Defensive
IPSC,Century Therapeutics Inc,센추리 테라퓨틱스,Healthcare
BWFG,Bankwell Financial Group Inc,뱅크웰 파이낸셜 그룹,Financial Services
PUBM,PubMatic Inc,퍼브매틱,Technology
VACH,Voyager Acquisition Corp,보이저 애퀴지션,Financial Services
GBLI,Global Indemnity Group LLC,글로벌 인뎀니티 그룹,Financial Services
ANGO,AngioDynamics Inc,앤지오다이내믹스,Healthcare
CMCO,Columbus McKinnon Corp,콜럼버스 맥키넌,Industrials
PNRG,Primeenergy Resources Corp,프라임에너지 리소시스,Energy
KIDS,OrthoPediatrics Corp,오쏘피디애트릭스,Healthcare
PRTH,Priority Technology Holdings Inc,프라이어리티 테크놀로지 홀딩스,Technology
CIGL,Concorde International Group Ltd,콩코드 인터내셔널 그룹,Industrials
BSVN,Bank7 Corp,뱅크7,Financial Services
GCBC,Greene County Bancorp Inc,그린 카운티 뱅코프,Financial Services
RBBN,Ribbon Communications Inc,리본 커뮤니케이션즈,Technology
NPAC,New Providence Acquisition Corp III,뉴 프로비던스 애퀴지션 III,Financial Services
SOHU,Sohu.com Ltd ADR,소후닷컴,Communication Services
NAUT,Nautilus Biotechnology Inc,노틸러스 바이오테크놀로지,Healthcare
ATNI,ATN International Inc,ATN 인터내셔널,Communication Services
MEVO,M Evo Global Acquisition Corp II,M 에보 글로벌 애퀴지션 II,Financial Services
SAAQ,Space Asset Acquisition Corp,스페이스 애셋 애퀴지션,Financial Services
CCIX,Churchill Capital Corp IX,처칠 캐피털 IX,Financial Services
GBFH,GBank Financial Holdings Inc,지뱅크 파이낸셜 홀딩스,Financial Services
ENTA,Enanta Pharmaceuticals Inc,에난타 파마슈티컬스,Healthcare
GPAT,GP-Act III Acquisition Corp,GP-Act III 애퀴지션,Financial Services
SVA,Sinovac Biotech Ltd,시노백 바이오테크,Unknown
ALF,Centurion Acquisition Corp,센추리언 애퀴지션,Financial Services
MBAV,M3-Brigade Acquisition V Corp,M3-브리게이드 애퀴지션 V,Financial Services
NMRA,Neumora Therapeutics Inc,뉴모라 테라퓨틱스,Healthcare
NRC,National Research Corp,내셔널 리서치,Healthcare
BRCB,Black Rock Coffee Bar Inc,블랙록 커피 바,Consumer Cyclical
OVID,Ovid Therapeutics Inc,오비드 테라퓨틱스,Healthcare
CLMB,Climb Global Solutions Inc,클라임 글로벌 솔루션스,Technology
RPD,Rapid7 Inc,래피드7,Technology
ZKP,Lafayette Digital Acquisition I Corp,라파예트 디지털 애퀴지션 I,Financial Services
ZUMZ,Zumiez Inc,줌이즈,Consumer Cyclical
PERI,Perion Network Ltd,페리온 네트워크,Communication Services
BBCQ,Bleichroeder Acquisition Corp II,블라이크뢰더 애퀴지션 II,Financial Services
TACO,Berto Acquisition Corp,베르토 애퀴지션,Financial Services
RDAG,Republic Digital Acquisition Co,리퍼블릭 디지털 애퀴지션,Financial Services
WENN,Wen Acquisition Corp,웬 애퀴지션,Financial Services
ISTR,Investar Holding Corp,인베스타 홀딩스,Financial Services
ECX,Ecarx Holdings Inc.,이카르엑스 홀딩스,Consumer Cyclical
CDRO,Codere Online Luxembourg SA,코데레 온라인 룩셈부르크,Consumer Cyclical
MGRT,Mega Fortune Co Ltd,메가 포춘,Technology
ISSC,Innovative Solutions and Support Inc,이노베이티브 솔루션스 앤드 서포트,Industrials
RCKT,Rocket Pharmaceuticals Inc,로켓 파마슈티컬스,Healthcare
PRTC,PureTech Health PLC ADR,퓨어테크 헬스,Healthcare
BNTC,Benitec Biopharma Inc,베니텍 바이오파마,Healthcare
RBB,RBB Bancorp,RBB 뱅코프,Financial Services
IBEX,Ibex Ltd,아이벡스,Technology
HELE,Helen of Troy Ltd,헬렌 오브 트로이,Consumer Defensive
XWIN,XMax Inc,엑스맥스,Consumer Cyclical
VMD,Viemed Healthcare Inc,비메드 헬스케어,Healthcare
ALOV,Aldabra 4 Liquidity Opportunity Vehicle Inc,알다브라 4 리퀴디티 오퍼튜니티 비히클,Financial Services
AKBA,Akebia Therapeutics Inc,아케비아 테라퓨틱스,Healthcare
HACQ,HCM IV Acquisition Corp,HCM IV 애퀴지션,Financial Services
NEXN,Nexxen International Ltd,넥센 인터내셔널,Communication Services
CBK,Commercial BancGroup Inc,커머셜 뱅크그룹,Financial Services
AZ,A2Z Cust2Mate Solutions Corp,A2Z 커스트투메이트 솔루션스,Technology
IVVD,Invivyd Inc,인비비드,Healthcare
ILPT,Industrial Logistics Properties Trust,인더스트리얼 로지스틱스 프로퍼티스 트러스트,Real Estate
GIW,GigCapital8 Corp,기가캐피털8,Financial Services
VOXR,Vox Royalty Corp,복스 로열티,Basic Materials
FBRX,Forte Biosciences Inc,포르테 바이오사이언시스,Healthcare
AVTX,Avalo Therapeutics Inc,아발로 테라퓨틱스,Healthcare
ELVA,Electrovaya Inc,일렉트로바야,Industrials
CADL,Candel Therapeutics Inc,캔델 테라퓨틱스,Healthcare
APPS,Digital Turbine Inc,디지털 터빈,Technology
SDHI,Siddhi Acquisition Corp,시디 애퀴지션,Financial Services
AUTL,Autolus Therapeutics PLC ADR,오톨러스 테라퓨틱스,Healthcare
LX,Lexinfintech Holdings Ltd ADR,렉신핀테크 홀딩스,Financial Services
CAEP,Cantor Equity Partners III Inc,캔터 에쿼티 파트너스 III,Financial Services
ABAT,American Battery Technology Co,아메리칸 배터리 테크놀로지,Industrials
LAB,Standard BioTools Inc,스탠더드 바이오툴스,Healthcare
OIM,OneIM Acquisition Corp,원IM 애퀴지션,Financial Services
GIX,GigCapital9 Corp,기가캐피털9,Financial Services
FMAO,Farmers & Merchants Bancorp Inc,파머스 앤드 머천츠 뱅코프,Financial Services
MNPR,Monopar Therapeutics Inc,모노파 테라퓨틱스,Healthcare
BBCP,Concrete Pumping Holdings Inc,콘크리트 펌핑 홀딩스,Industrials
NAGE,Niagen Bioscience Inc,나이아젠 바이오사이언스,Healthcare
LTBR,Lightbridge Corp,라이트브리지,Industrials
TOYO,TOYO Co.  Ltd,토요,Technology
TSSI,TSS Inc,TSS,Technology
XNET,Xunlei Ltd ADR,쉰레이,Technology
CLFD,Clearfield Inc,클리어필드,Technology
AENT,Alliance Entertainment Holding Corp,얼라이언스 엔터테인먼트 홀딩,Communication Services
CCII,Cohen Circle Acquisition Corp II,코언 서클 애퀴지션 II,Financial Services
GIG,GigCapital7 Corp,기가캐피털7,Financial Services
TACH,Titan Acquisition Corp,타이탄 애퀴지션,Financial Services
FWDI,Forward Industries Inc,포워드 인더스트리스,Consumer Cyclical
PBYI,Puma Biotechnology Inc,퓨마 바이오테크놀로지,Healthcare
CGCT,Cartesian Growth Corp III,카르테시안 그로스 III,Financial Services
CTRN,Citi Trends Inc,시티 트렌즈,Consumer Cyclical
CERS,Cerus Corp,세러스,Healthcare
EU,enCore Energy Corp,엔코어 에너지,Energy
SRTA,Strata Critical Medical Inc,스트라타 크리티컬 메디컬,Healthcare
DMAC,DiaMedica Therapeutics Inc,디아메디카 테라퓨틱스,Healthcare
FVAV,Fortress Value Acquisition Corp V,포트리스 밸류 애퀴지션 V,Financial Services
IPCX,Inflection Point Acquisition Corp III,인플렉션 포인트 애퀴지션 III,Financial Services
DMAA,Drugs Made In America Acquisition Corp,드럭스 메이드 인 아메리카 애퀴지션,Financial Services
GASS,StealthGas Inc,스텔스가스,Industrials
USCB,USCB Financial Holdings Inc,USCB 파이낸셜 홀딩스,Financial Services
SOPH,SOPHiA GENETICS SA,소피아 제네틱스,Healthcare
WILC,G Willi Food International Ltd,G 윌리 푸드 인터내셔널,Consumer Defensive
KCHV,Kochav Defense Acquisition Corp,코카브 디펜스 애퀴지션,Financial Services
IRD,Opus Genetics Inc,오푸스 제네틱스,Healthcare
HCIC,Hennessy Capital Investment Corp. VIII,헤네시 캐피털 인베스트먼트 VIII,Financial Services
ARCI,Archimedes Tech SPAC Partners III Co,아르키메데스 테크 SPAC 파트너스 III,Financial Services
PBFS,Pioneer Bancorp Inc,파이오니어 뱅코프,Financial Services
SSP,E W Scripps Co,E.W. 스크립스,Communication Services
PLBC,Plumas Bancorp,플루머스 뱅코프,Financial Services
INV,Innventure Inc,인벤처,Financial Services
BDCI,BTC Development Corp,BTC 디벨롭먼트,Financial Services
TLNC,Talon Capital Corp,탤런 캐피털,Financial Services
PKOH,Park Ohio Holdings Corp,파크 오하이오 홀딩스,Industrials
NVEC,NVE Corp,NVE,Technology
LWAY,Lifeway Foods Inc,라이프웨이 푸즈,Consumer Defensive
OYSE,Oyster Enterprises II Acquisition Corp,오이스터 엔터프라이즈 II 애퀴지션,Financial Services
BLZR,Trailblazer Acquisition Corp,트레일블레이저 애퀴지션,Financial Services
KBON,Karbon Capital Partners Corp,카본 캐피털 파트너스,Financial Services
SORN,Soren Acquisition Corp,소렌 애퀴지션,Financial Services
ARTC,Art Technology Acquisition Corp,아트 테크놀로지 애퀴지션,
CABA,Cabaletta Bio Inc,카발레타 바이오,Healthcare
CRNC,Cerence Inc,세렌스,Technology
BCYC,Bicycle Therapeutics PLC ADR,바이시클 테라퓨틱스,Healthcare
ALTO,Alto Ingredients Inc,알토 인그리디언츠,Basic Materials
HCMA,HCM III Acquisition Corp,HCM III 애퀴지션,Financial Services
NECB,Northeast Community Bancorp Inc,노스이스트 커뮤니티 뱅코프,Financial Services
XFOR,X4 Pharmaceuticals Inc,X4 파마슈티컬스,Healthcare
NNDM,Nano Dimension Ltd ADR,나노 디멘션,Technology
ALLT,Allot Ltd,알롯,Technology
IMRX,Immuneering Corp,이뮤니어링,Healthcare
SNDL,SNDL Inc,SNDL,Consumer Defensive
DSAC,Daedalus Special Acquisition Corp,데달루스 스페셜 애퀴지션,Financial Services
ADUR,Aduro Clean Technologies Inc,아듀로 클린 테크놀로지스,Industrials
FRST,Primis Financial Corp,프라이미스 파이낸셜,Financial Services
AACI,Armada Acquisition Corp III,아르마다 애퀴지션 III,Financial Services
ISBA,Isabella Bank Corp,이사벨라 뱅크,Financial Services
PKBK,Parke Bancorp Inc,파크 뱅코프,Financial Services
ALCO,Alico Inc,알리코,Consumer Defensive
NWFL,Norwood Financial Corp,노우드 파이낸셜,Financial Services
WSBF,Waterstone Financial Inc,워터스톤 파이낸셜,Financial Services
SPT,Sprout Social Inc,스프라우트 소셜,Technology
DCTH,Delcath Systems Inc,델캐스 시스템즈,Healthcare
TLS,Telos Corp,텔로스,Technology
CD,Chaince Digital Holdings Inc,체인스 디지털 홀딩스,Financial Services
HCKT,Hackett Group Inc,해킷 그룹,Technology
PTOR,Praetorian Acquisition Corp,프리토리언 애퀴지션,Financial Services
FCEL,Fuelcell Energy Inc,퓨얼셀 에너지,Industrials
NEWT,NewtekOne Inc,뉴텍원,Financial Services
PCB,PCB Bancorp,PCB 뱅코프,Financial Services
BLUW,Blue Water Acquisition Corp III,블루 워터 애퀴지션 III,Financial Services
BEAG,Bold Eagle Acquisition Corp,볼드 이글 애퀴지션,Financial Services
CEPT,Cantor Equity Partners II Inc,캔터 에쿼티 파트너스 II,Financial Services
MTRX,Matrix Service Co,매트릭스 서비스,Industrials
BCML,BayCom Corp,베이컴,Financial Services
MCFT,Mastercraft Boat Holdings Inc,마스터크래프트 보트 홀딩스,Consumer Cyclical
OFLX,Omega Flex Inc,오메가 플렉스,Industrials
CUB,Lionheart Holdings,라이언하트 홀딩스,Financial Services
SIMA,SIM Acquisition I Corp,SIM 애퀴지션 I,Financial Services
CLYM,Climb Bio Inc,클라임 바이오,Healthcare
BGIN,BGIN Blockchain Ltd,BGIN 블록체인,Technology
TSBK,Timberland Bancorp Inc,팀버랜드 뱅코프,Financial Services
MVBF,MVB Financial Corp,MVB 파이낸셜,Financial Services
MLAC,Mountain Lake Acquisition Corp,마운틴 레이크 애퀴지션,Unknown
XRPN,Armada Acquisition Corp II,아르마다 애퀴지션 II,Financial Services
NGNE,Neurogene Inc,뉴로진,Healthcare
VALU,Value Line Inc,밸류 라인,Financial Services
BTQ,BTQ Technologies Corp,BTQ 테크놀로지스,Technology
SIGA,SIGA Technologies Inc,시가 테크놀로지스,Healthcare
PAYS,Paysign Inc,페이사인,Technology
FNLC,First Bancorp Inc,퍼스트 뱅코프,Financial Services
AMCX,Amc Networks Inc (Nevada),AMC 네트웍스 네바다,Communication Services
XNDU,Xanadu Quantum Technologies Ltd,재너두 퀀텀 테크놀로지스,Technology
OPTX,Syntec Optics Holdings Inc,신텍 옵틱스 홀딩스,Technology
PCAP,ProCap Acquisition Corp,프로캡 애퀴지션,Financial Services
FERA,Fifth Era Acquisition Corp I,피프스 에라 애퀴지션 I,Financial Services
OTLY,Oatly Group AB (publ) ADR,오틀리 그룹,Consumer Defensive
DRDB,Roman DBDR Acquisition Corp II,로먼 DBDR 애퀴지션 II,Financial Services
CEPV,Cantor Equity Partners V Inc,캔터 에쿼티 파트너스 V,Financial Services
RTAC,Renatus Tactical Acquisition I Corp,레나투스 택티컬 애퀴지션 I,Financial Services
SZZL,Sizzle Acquisition Corp II,시즐 애퀴지션 II,Financial Services
OBA,Oxley Bridge Acquisition Ltd,옥슬리 브리지 애퀴지션,Financial Services
PALI,Palisade Bio Inc,팰리세이드 바이오,Healthcare
NGEN,NervGen Pharma Corp,너브젠 파마,Healthcare
API,Agora Inc ADR,아고라,Technology
EWCZ,European Wax Center Inc,유러피언 왁스 센터,Consumer Defensive
EVOX,Evolution Global Acquisition Corp,에볼루션 글로벌 애퀴지션,Financial Services
STRT,Strattec Security Corp,스트래텍 시큐리티,Consumer Cyclical
CRAQ,Cal Redwood Acquisition Corp,캘 레드우드 애퀴지션,Financial Services
TOI,Oncology Institute Inc,온콜로지 인스티튜트,Healthcare
CZFS,Citizens Financial Services Inc,시티즌스 파이낸셜 서비스,Financial Services
CCRN,Cross Country Healthcare Inc,크로스 컨트리 헬스케어,Healthcare
KOYN,CSLM Digital Asset Acquisition III Corp Ltd,CSLM 디지털 애셋 애퀴지션 III,Financial Services
PMTR,Perimeter Acquisition I Corp,페리미터 애퀴지션 I,Financial Services
ACIU,AC Immune SA,AC 이뮨,Healthcare
TCPC,BlackRock TCP Capital Corp,블랙록 TCP 캐피털,Financial Services
AVBH,Avidbank Holdings Inc,애비드뱅크 홀딩스,Financial Services
PLTS,Platinum Analytics Cayman Ltd,플래티넘 애널리틱스 케이맨,Technology
RZLT,Rezolute Inc,레졸루트,Healthcare
ALDF,Aldel Financial II Inc,알델 파이낸셜 II,Financial Services
LNKB,LINKBANCORP Inc,링크뱅코프,Financial Services
TTGT,TechTarget Inc,테크타깃,Technology
POLE,Andretti Acquisition Corp. II,안드레티 애퀴지션 II,Financial Services
RNGT,Range Capital Acquisition II Corp,레인지 캐피털 애퀴지션 II,Financial Services
CV,CapsoVision Inc,캡소비전,Healthcare
GLSI,Greenwich Lifesciences Inc,그리니치 라이프사이언시스,Healthcare
SVAC,Spring Valley Acquisition Corp III,스프링 밸리 애퀴지션 III,Financial Services
AEAQ,Activate Energy Acquisition Corp,액티베이트 에너지 애퀴지션,Financial Services
LILA,Liberty Latin America Ltd Class A,리버티 라틴 아메리카,Communication Services
TVA,Texas Ventures Acquisition III Corp,텍사스 벤처스 애퀴지션 III,Financial Services
LE,Lands' End Inc,랜즈엔드,Consumer Cyclical
WEYS,WEYCO Group Inc,웨이코 그룹,Consumer Cyclical
ADV,Advantage Solutions Inc,어드밴티지 솔루션스,Communication Services
HNST,Honest Company Inc,어니스트 컴퍼니,Consumer Defensive
SUPX,SuperX AI Technology Ltd,슈퍼X AI 테크놀로지,Technology
RMNI,Rimini Street Inc,리미니 스트리트,Technology
LPAA,Launch One Acquisition Corp,런치 원 애퀴지션,Financial Services
ATII,Archimedes Tech SPAC Partners II Co,아르키메데스 테크 스팩 파트너스 II,Financial Services
CMII,Columbus Circle Capital Corp II,콜럼버스 서클 캐피털 II,Financial Services
VFF,Village Farms International Inc,빌리지 팜스 인터내셔널,Consumer Defensive
FSTR,L B Foster Co,엘비 포스터,Industrials
PHOE,Phoenix Asia Holdings Ltd,피닉스 아시아 홀딩스,Industrials
LWAC,LightWave Acquisition Corp,라이트웨이브 애퀴지션,Financial Services
CAQ,Cambridge Acquisition Corp,케임브리지 애퀴지션,Financial Services
AMRN,Amarin Corporation PLC ADR,아마린 코퍼레이션,Healthcare
LPBB,Launch Two Acquisition Corp,런치 투 애퀴지션,Financial Services
TMTS,Spartacus Acquisition Corp II,스파르타쿠스 애퀴지션 II,Financial Services
LENZ,LENZ Therapeutics Inc,렌즈 테라퓨틱스,Healthcare
SHMD,SCHMID Group NV,슈미트 그룹,Industrials
ITHA,ITHAX Acquisition Corp III,아이택스 애퀴지션 III,Financial Services
VHCP,Vine Hill Capital Investment Corp II,바인 힐 캐피털 인베스트먼트 II,Financial Services
NCMI,National Cinemedia Inc,내셔널 시네미디어,Communication Services
RCKY,Rocky Brands Inc,로키 브랜즈,Consumer Cyclical
SVIV,Spring Valley Acquisition Corp. IV,스프링 밸리 애퀴지션 IV,Financial Services
BIXI,Bitcoin Infrastructure Acquisition Corp Ltd,비트코인 인프라스트럭처 애퀴지션,Financial Services
NKLR,Terra Innovatum Global NV,테라 이노바툼 글로벌,Utilities
ARTNA,Artesian Resources Corp,아티지언 리소시스,Utilities
LOKV,Live Oak Acquisition Corp V,라이브 오크 애퀴지션 V,Financial Services
AGCC,Agencia Comercial Spirits Ltd,아젠시아 코메르시알 스피리츠,Consumer Defensive
ASLE,AerSale Corp,에어세일,Industrials
EFTY,Etoiles Capital Group Co Ltd,에투알 캐피털 그룹,Industrials
FUFU,BitFuFu Inc,비트푸푸,Financial Services
SSSS,SuRo Capital Corp,수로 캐피털,Financial Services
OTGA,OTG Acquisition I Corp,OTG 애퀴지션 I,Financial Services
SHIP,Seanergy Maritime Holdings Corp,시에너지 마리타임 홀딩스,Industrials
SRZN,Surrozen Inc,서로즌,Healthcare
MTLS,Materialise NV ADR,머티리얼라이즈,Technology
PDYN,Palladyne AI Corp,팔라다인 AI,Technology
HVMC,Highview Merger Corp,하이뷰 머저,Financial Services
FSBW,FS Bancorp Inc,FS 뱅코프,Financial Services
GSRF,GSR IV Acquisition Corp,GSR IV 애퀴지션,Financial Services
DEFT,DeFi Technologies Inc,디파이 테크놀로지스,Financial Services
ADAG,Adagene Inc ADR,아다진,Healthcare
GPAC,General Purpose Acquisition Corp,제너럴 퍼포즈 애퀴지션,Financial Services
FHTX,Foghorn Therapeutics Inc,포그혼 테라퓨틱스,Healthcare
JMSB,John Marshall Bancorp Inc,존 마셜 뱅코프,Financial Services
MKTW,MarketWise Inc,마켓와이즈,Financial Services
ORGO,Organogenesis Holdings Inc,오르가노제네시스 홀딩스,Healthcare
IONR,ioneer Ltd ADR,아이오니어,Basic Materials
SVAQ,Silicon Valley Acquisition Corp,실리콘 밸리 애퀴지션,Financial Services
HCAC,Hall Chadwick Acquisition Corp,홀 채드윅 애퀴지션,Financial Services
IRHO,Iron Horse Acquisitions Corp II,아이언 호스 애퀴지션 II,Financial Services
PACH,Pioneer Acquisition I Corp,파이오니어 애퀴지션 I,Financial Services
UCFI,CN Healthy Food Tech Group Corp,CN 헬시 푸드 테크 그룹,Financial Services
AACB,Artius II Acquisition Inc,아티우스 II 애퀴지션,Financial Services
EM,Smart Share Global Ltd ADR,스마트 셰어 글로벌,Consumer Cyclical
NBP,NovaBridge Biosciences ADR,노바브리지 바이오사이언시스,Healthcare
NHIC,NewHold Investment Corp III,뉴홀드 인베스트먼트 III,Unknown
BACC,Blue Acquisition Corp,블루 애퀴지션,Financial Services
FUND,Sprott Focus Trust,스프로트 포커스 트러스트,Financial Services
AVXL,Anavex Life Sciences Corp,아나벡스 라이프사이언시스,Healthcare
ADAC,American Drive Acquisition Co,아메리칸 드라이브 애퀴지션,Financial Services
LPCV,Launchpad Cadenza Acquisition Corp I,론치패드 카덴차 애퀴지션 I,Financial Services
JRVR,James River Group Holdings Inc,제임스 리버 그룹 홀딩스,Financial Services
FGII,FG Imperii Acquisition Corp,FG 임페리 애퀴지션,Financial Services
TWFG,TWFG Inc,TWFG,Financial Services
SENS,Senseonics Holdings Inc,센세오닉스 홀딩스,Healthcare
ROMA,Roma Green Finance Ltd,로마 그린 파이낸스,Industrials
FCCO,First Community Corp (South Carolina),퍼스트 커뮤니티,Financial Services
FOSL,Fossil Group Inc,포실 그룹,Consumer Cyclical
OVLY,Oak Valley Bancorp,오크 밸리 뱅코프,Financial Services
RXST,Rxsight Inc,알엑스사이트,Healthcare
APAD,A Paradise Acquisition Corp,A 파라다이스 애퀴지션,Financial Services
ANGI,Angi Inc,안지,Communication Services
TVAI,Thayer Ventures Acquisition II Corp,세이어 벤처스 애퀴지션 II,Financial Services
TARA,Protara Therapeutics Inc,프로타라 테라퓨틱스,Healthcare
XCBE,X3 Acquisition Corp Ltd,X3 애퀴지션,Financial Services
PRLD,Prelude Therapeutics Inc,프렐류드 테라퓨틱스,Healthcare
LNZA,Lanzatech Global Inc,란자테크 글로벌,Industrials
AXIN,Axiom Intelligence Acquisition Corp 1,액시엄 인텔리전스 애퀴지션 1,Financial Services
CAN,Canaan Inc ADR,카나안,Technology
AIRO,AIRO Group Holdings Inc,에어로 그룹 홀딩스,Industrials
TROO,TROOPS Inc,트룹스,Financial Services
ABEO,Abeona Therapeutics Inc,아베오나 테라퓨틱스,Healthcare
FVCB,FVCBankcorp Inc,FVC뱅코프,Financial Services
XSLL,Xsolla SPAC 1,엑솔라 스팩 1,Financial Services
ALEC,Alector Inc,알렉터,Healthcare
SY,So-Young International Inc ADR,소영 인터내셔널,Healthcare
HELP,Cybin Inc,사이빈,Healthcare
PRE,Prenetics Global Ltd,프레네틱스 글로벌,Healthcare
HVII,Hennessy Capital Investment Corp VII,헤네시 캐피털 인베스트먼트 VII,Financial Services
CLPT,Clearpoint Neuro Inc,클리어포인트 뉴로,Healthcare
CEPO,Cantor Equity Partners I Inc,캔터 에쿼티 파트너스 I,Financial Services
CHMG,Chemung Financial Corp,셔멍 파이낸셜,Financial Services
KELYA,Kelly Services Inc Class A,켈리 서비스,Industrials
MUZE,Muzero Acquisition Corp,뮤제로 애퀴지션,Financial Services
EDIT,Editas Medicine Inc,에디타스 메디신,Healthcare
WNEB,Western New England Bancorp Inc,웨스턴 뉴잉글랜드 뱅코프,Financial Services
CCCC,C4 Therapeutics  Inc,C4 테라퓨틱스,Healthcare
DNMX,Dynamix Corp III,다이나믹스 III,Financial Services
TYGO,Tigo Energy Inc,티고 에너지,Technology
PCYO,Pure Cycle Corp,퓨어 사이클,Utilities
AVNW,Aviat Networks Inc,아비앳 네트웍스,Technology
EOLS,Evolus Inc,에볼루스,Healthcare
GDEV,GDEV Inc,GDEV,Communication Services
SLN,Silence Therapeutics PLC ADR,사일런스 테라퓨틱스,Healthcare
ATGL,Alpha Technology Group Ltd,알파 테크놀로지 그룹,Technology
BYND,Beyond Meat Inc,비욘드 미트,Consumer Defensive
FDBC,Fidelity D&D Bancorp Inc,피델리티 D&D 뱅코프,Financial Services
NODK,NI Holdings Inc,NI 홀딩스,Financial Services
CARL,Carlsmed Inc,칼스메드,Healthcare
OACC,Oaktree Acquisition III Life Sciences Corp,오크트리 애퀴지션 III 라이프 사이언시스,Financial Services
TBRG,TruBridge Inc,트루브리지,Healthcare
AFRI,Forafric Global PLC,포라프릭 글로벌,Consumer Defensive
FACT,FACT II Acquisition Corp,FACT II 애퀴지션,Unknown
PLMK,Plum Acquisition Corp. IV,플럼 애퀴지션 IV,Financial Services
HUHU,HUHUTECH International Group Inc,후후테크 인터내셔널 그룹,Industrials
SLP,Simulations Plus Inc,시뮬레이션스 플러스,Healthcare
NTWO,Newbury Street II Acquisition Corp,뉴버리 스트리트 II 애퀴지션,Financial Services
VNME,Vendome Acquisition Corp I,방돔 애퀴지션 I,Financial Services
MASS,908 Devices Inc,908 디바이스,Healthcare
ATLO,Ames National Corp,에임스 내셔널,Financial Services
SIDU,Sidus Space Inc,사이더스 스페이스,Industrials
SABS,SAB Biotherapeutics Inc,SAB 바이오테라퓨틱스,Healthcare
MYFW,First Western Financial Inc,퍼스트 웨스턴 파이낸셜,Financial Services
TENX,Tenax Therapeutics Inc,테낙스 테라퓨틱스,Healthcare
VELO,Velo3D Inc,벨로3D,Technology
CHRS,Coherus Oncology Inc,코히러스 온콜로지,Healthcare
BNAI,Brand Engagement Network Inc,브랜드 인게이지먼트 네트워크,Technology
FXNC,First National Corp,퍼스트 내셔널,Financial Services
RILY,BRC Group Holdings Inc,BRC 그룹 홀딩스,Financial Services
OBIO,Orchestra Biomed Holdings Inc,오케스트라 바이오메드 홀딩스,Healthcare
HDSN,Hudson Technologies Inc,허드슨 테크놀로지스,Basic Materials
SCII,SC II Acquisition Corp,SC II 애퀴지션,Financial Services
SNFCA,Security National Financial Corp,시큐리티 내셔널 파이낸셜,Financial Services
FLXS,Flexsteel Industries Inc,플렉스스틸 인더스트리스,Consumer Cyclical
ASUR,Asure Software Inc,어슈어 소프트웨어,Technology
ESOA,Energy Services Of America Corp,에너지 서비스 오브 아메리카,Industrials
PPIH,Perma-Pipe International Holdings Inc,퍼마파이프 인터내셔널 홀딩스,Industrials
PLYX,Polaryx Therapeutics  Inc,폴라릭스 테라퓨틱스,Healthcare
MKLY,McKinley Acquisition Corp,맥킨리 애퀴지션,Financial Services
GTERA,Globa Terra Acquisition Corp,글로바 테라 애퀴지션,Financial Services
LZMH,LZ Technology Holdings Ltd,LZ 테크놀로지 홀딩스,Technology
TLSI,TriSalus Life Sciences Inc,트라이살루스 라이프 사이언시스,Healthcare
AUDC,AudioCodes Ltd,오디오코즈,Technology
CLLS,Cellectis SA ADR,셀렉티스,Healthcare
FRAF,Franklin Financial Services Corp,프랭클린 파이낸셜 서비스,Financial Services
RWAY,Runway Growth Finance Corp,런웨이 그로스 파이낸스,Financial Services
RDNW,RideNow Group Inc,라이드나우 그룹,Consumer Cyclical
GNFT,Genfit SA ADR,젠핏,Unknown
FUNC,First United Corp,퍼스트 유나이티드,Financial Services
STRS,Stratus Properties Inc,스트라투스 프로퍼티즈,Real Estate
ARCT,Arcturus Therapeutics Holdings Inc,아크투루스 테라퓨틱스 홀딩스,Healthcare
POWW,Outdoor Holding Company,아웃도어 홀딩 컴퍼니,Industrials
CAMP,CAMP4 Therapeutics Corp,캠프4 테라퓨틱스,Healthcare
KROS,Keros Therapeutics Inc,케로스 테라퓨틱스,Healthcare
JAKK,JAKKS Pacific Inc,잭스 퍼시픽,Consumer Cyclical
ALXO,ALX Oncology Holdings Inc,ALX 온콜로지 홀딩스,Healthcare
CNTX,Context Therapeutics Inc,컨텍스트 테라퓨틱스,Healthcare
FBLA,FB Bancorp Inc,FB 뱅코프,Financial Services
RNA,Atrium Therapeutics Inc,아트리움 테라퓨틱스,Healthcare
GRRR,Gorilla Technology Group Inc,고릴라 테크놀로지 그룹,Technology
CFFI,C&F Financial Corp,C&F 파이낸셜,Financial Services
PTNM,Pitanium Ltd,피타니움,Consumer Defensive
MCGA,Yorkville Acquisition Corp,요크빌 애퀴지션,Financial Services
RAAQ,Real Asset Acquisition Corp,리얼 애셋 애퀴지션,Financial Services
ATLN,Atlantic International Corp,애틀랜틱 인터내셔널,Industrials
SOCA,Solarius Capital Acquisition Corp,솔라리우스 캐피털 애퀴지션,Financial Services
ESCA,Escalade Inc,에스컬레이드,Consumer Cyclical
AREC,American Resources Corp,아메리칸 리소시스,Basic Materials
SSAC,Spacsphere Acquisition Corp,스팩스피어 애퀴지션,Financial Services
BZAI,Blaize Holdings Inc,블레이즈 홀딩스,Technology
EGHT,8x8 Inc,에이트 바이 에이트,Technology
NUAI,New Era Energy & Digital Inc,뉴 에라 에너지 앤드 디지털,Technology
MAGH,Magnitude International Ltd,매그니튜드 인터내셔널,Industrials
REFI,Chicago Atlantic Real Estate Finance Inc,시카고 애틀랜틱 리얼 에스테이트 파이낸스,Real Estate
IGAC,Invest Green Acquisition Corp,인베스트 그린 애퀴지션,Financial Services
VYGR,Voyager Therapeutics Inc,보이저 테라퓨틱스,Healthcare
DAAQ,Digital Asset Acquisition Corp,디지털 애셋 애퀴지션,Financial Services
LMNR,Limoneira Co,리모네이라,Consumer Defensive
BPRN,Princeton Bancorp Inc,프린스턴 뱅코프,Financial Services
USAU,US Gold Corp,US 골드,Basic Materials
TDWD,Tailwind 2.0 Acquisition Corp,테일윈드 2.0 애퀴지션,Financial Services
MRBK,Meridian Corp,메리디언,Financial Services
NKSH,National Bankshares Inc,내셔널 뱅크셰어스,Financial Services
LCNB,LCNB Corp,엘씨엔비,Financial Services
ETHM,Dynamix Corp,다이나믹스,Financial Services
MACI,Melar Acquisition Corp I,멜라르 애퀴지션 I,Financial Services
IKT,Inhibikase Therapeutics Inc,인히비케이스 테라퓨틱스,Healthcare
TDAC,Translational Development Acquisition Corp,트랜슬레이셔널 디벨롭먼트 애퀴지션,Financial Services
PROF,Profound Medical Corp,프로파운드 메디컬,Healthcare
TWLV,Twelve Seas Investment Company III,트웰브 시즈 인베스트먼트 III,Financial Services
SVCO,Silvaco Group Inc,실바코 그룹,Technology
ELDN,Eledon Pharmaceuticals Inc,엘레돈 파마슈티컬스,Healthcare
SPOK,Spok Holdings Inc,스포크 홀딩스,Healthcare
SLGL,Sol Gel Technologies Ltd,솔젤 테크놀로지스,Healthcare
SENEB,Seneca Foods Corp Class B,세네카 푸즈 클래스 B,Consumer Defensive
LATA,Galata Acquisition Corp II,갈라타 애퀴지션 II,Financial Services
DYOR,Insight Digital Partners II,인사이트 디지털 파트너스 II,Financial Services
JFIN,Jiayin Group Inc ADR,자이인 그룹,Communication Services
TC,Token Cat Ltd ADR,토큰 캣,Communication Services
BLRK,Bluerock Acquisition Corp,블루록 애퀴지션,Financial Services
TWIN,Twin Disc Inc,트윈 디스크,Industrials
HWBK,Hawthorn Bancshares Inc,호손 뱅크셰어스,Financial Services
SVCC,Stellar V Capital Corp,스텔라 V 캐피털,Financial Services
LOVE,Lovesac Co,러브색,Consumer Cyclical
CURR,CURRENC Group Inc,커런시 그룹,Technology
RGCO,RGC Resources Inc,알지씨 리소시스,Utilities
CMRC,Commerce.com Inc,커머스닷컴,Technology
NERV,Minerva Neurosciences Inc,미네르바 뉴로사이언시스,Healthcare
HLXC,Helix Acquisition Corp III,헬릭스 애퀴지션 III,Financial Services
AMBR,Amber International Holding Ltd ADR,앰버 인터내셔널 홀딩,Technology
RXT,Rackspace Technology Inc,랙스페이스 테크놀로지,Technology
STRZ,Starz Entertainment Corp,스타즈 엔터테인먼트,Communication Services
PEBK,Peoples Bancorp of North Carolina Inc,피플스 뱅코프 오브 노스캐롤라이나,Financial Services
FINW,Finwise Bancorp,핀와이즈 뱅코프,Financial Services
CVRX,CVRx Inc,씨브이알엑스,Healthcare
GWRS,Global Water Resources Inc,글로벌 워터 리소시스,Utilities
CGEN,Compugen Ltd,컴퓨젠,Healthcare
NVA,Nova Minerals Ltd ADR,노바 미네랄스,Basic Materials
ONCH,1RT Acquisition Corp,1RT 애퀴지션,Financial Services
OABI,OmniAb Inc,옴니앱,Healthcare
NIU,NIU Technologies ADR,니우 테크놀로지스,Consumer Cyclical
MDWD,Mediwound Ltd,메디운드,Healthcare
FENC,Fennec Pharmaceuticals Inc,페넥 파마슈티컬스,Healthcare
BLZE,Backblaze Inc,백블레이즈,Technology
CNDT,Conduent Inc,콘듀언트,Technology
MAMK,MaxsMaking Inc,맥스메이킹,Industrials
CRAC,Crown Reserve Acquisition Corp. I,크라운 리저브 애퀴지션 I,Financial Services
NPT,Texxon Holding Ltd,텍슨 홀딩스,Consumer Cyclical
MRAM,Everspin Technologies Inc,에버스핀 테크놀로지스,Technology
LTRX,Lantronix Inc,랜트로닉스,Technology
PESI,Perma-Fix Environmental Services Inc,퍼마-픽스 인바이런멘털 서비스,Industrials
SND,Smart Sand Inc,스마트 샌드,Energy
EGAN,eGain Corp,이게인,Technology
MGNX,MacroGenics Inc,매크로제닉스,Healthcare
HRZN,Horizon Technology Finance Corp,호라이즌 테크놀로지 파이낸스,Financial Services
LIEN,Chicago Atlantic BDC Inc,시카고 애틀랜틱 비디씨,Financial Services
OPRT,Oportun Financial Corp,오포르툰 파이낸셜,Financial Services
GSHR,Gesher Acquisition II Corp,게셔 애퀴지션 II,Financial Services
BYRN,Byrna Technologies Inc,바이르나 테크놀로지스,Industrials
OSUR,OraSure Technologies Inc,오라슈어 테크놀로지스,Healthcare
KINS,Kingstone Companies Inc,킹스톤 컴퍼니즈,Financial Services
NUCL,Eagle Nuclear Energy Corp,이글 뉴클리어 에너지,Energy
ALMU,Aeluma Inc,에일루마,Technology
NVCT,Nuvectis Pharma Inc,뉴벡티스 파마,Healthcare
EGHA,EGH Acquisition Corp,이지에이치 애퀴지션,Financial Services
RPAY,Repay Holdings Corp,리페이 홀딩스,Technology
VABK,Virginia National Bankshares Corp,버지니아 내셔널 뱅크셰어스,Financial Services
IPOD,Dune Acquisition Corp II,듄 애퀴지션 II,Financial Services
RDCM,Radcom Ltd,래드컴,Communication Services
JACK,Jack in the Box Inc,잭 인 더 박스,Consumer Cyclical
OVBC,Ohio Valley Banc Corp,오하이오 밸리 뱅코프,Financial Services
AIRS,AirSculpt Technologies Inc,에어스컬프트 테크놀로지스,Healthcare
HAVA,Harvard Ave Acquisition Corp,하버드 애비뉴 애퀴지션,Financial Services
CXDO,Crexendo Inc,크렉센도,Communication Services
FLWS,1-800-Flowers.Com Inc,1-800-플라워스닷컴,Consumer Cyclical
MPAA,Motorcar Parts of America Inc,모터카 파츠 오브 아메리카,Consumer Cyclical
TRVG,Trivago NV ADR,트리바고,Communication Services
TBCH,Turtle Beach Corp,터틀 비치,Technology
OPBK,OP Bancorp,오피 뱅코프,Financial Services
UTMD,Utah Medical Products Inc,유타 메디컬 프로덕츠,Healthcare
FNKO,Funko Inc,펀코,Consumer Cyclical
CMTV,Community Bancorp,커뮤니티 뱅코프,Financial Services
CRNT,Ceragon Networks Ltd,세라곤 네트웍스,Technology
STEX,Streamex Corp,스트림엑스,Financial Services
KRRO,Korro Bio Inc,코로 바이오,Healthcare
HITI,High Tide Inc,하이 타이드,Healthcare
MFIN,Medallion Financial Corp,메달리온 파이낸셜,Financial Services
WLII,Willow Lane Acquisition Corp II,윌로우 레인 애퀴지션 II,Financial Services
ANIK,Anika Therapeutics Inc,아니카 테라퓨틱스,Healthcare
DUOT,Duos Technologies Group Inc,듀오스 테크놀로지스 그룹,Technology
LUCD,Lucid Diagnostics Inc,루시드 다이아그노스틱스,Healthcare
INSG,Inseego Corp,인시고,Technology
KTWO,K2 Capital Acquisition Corp,K2 캐피털 애퀴지션,Financial Services
ENLV,Enlivex Ltd,엔리벡스,Healthcare
SAIH,SAIHEAT Ltd,사이히트,Technology
CZWI,Citizens Community Bancorp Inc,시티즌스 커뮤니티 뱅코프,Financial Services
DIBS,1stdibs.Com Inc,퍼스트딥스닷컴,Communication Services
KRMD,KORU Medical Systems Inc,코루 메디컬 시스템즈,Healthcare
ARQQ,Arqit Quantum Inc,아킷 퀀텀,Technology
TCX,Tucows Inc,투카우스,Technology
INBK,First Internet Bancorp,퍼스트 인터넷 뱅코프,Financial Services
FIGX,FIGX Capital Acquisition Corp,에프아이지엑스 캐피털 애퀴지션,Financial Services
EFSI,Eagle Financial Services Inc,이글 파이낸셜 서비스,Financial Services
EPSN,Epsilon Energy Ltd,엡실론 에너지,Energy
VUZI,Vuzix Corp,뷰직스,Technology
AMTX,Aemetis Inc,에이메티스,Basic Materials
LEE,Lee Enterprises Inc,리 엔터프라이즈,Communication Services
HERE,Here Group Ltd ADR,히어 그룹,Consumer Cyclical
CHCI,Comstock Holding Companies Inc,컴스톡 홀딩 컴퍼니즈,Real Estate
MENS,Jyong Biotech Ltd,지용 바이오테크,Healthcare
HMH,HMH Holding Inc,HMH 홀딩,Energy
PAL,Proficient Auto Logistics Inc,프로피션트 오토 로지스틱스,Industrials
IMPP,Imperial Petroleum Inc,임페리얼 페트롤리엄,Energy
RCMT,R C M Technologies Inc,알씨엠 테크놀로지스,Industrials
ACB,Aurora Cannabis Inc,오로라 캐나비스,Healthcare
KGEI,Kolibri Global Energy Inc,콜리브리 글로벌 에너지,Energy
CURI,CuriosityStream Inc,큐리오시티스트림,Communication Services
ABOS,Acumen Pharmaceuticals Inc,어큐먼 파마슈티컬스,Healthcare
MIST,Milestone Pharmaceuticals Inc,마일스톤 파마슈티컬스,Healthcare
ZNTL,Zentalis Pharmaceuticals Inc,젠탈리스 파마슈티컬스,Healthcare
SGHT,Sight Sciences Inc,사이트 사이언시스,Healthcare
OMSE,OMS Energy Technologies Inc,OMS 에너지 테크놀로지스,Energy
OSS,One Stop Systems Inc,원 스톱 시스템즈,Technology
GLND,Greenland Energy Co,그린랜드 에너지,Energy
III,Information Services Group Inc,인포메이션 서비스 그룹,Technology
PMTS,CPI Card Group Inc,CPI 카드 그룹,Financial Services
AIRJ,Airjoule Technologies Corp,에어줄 테크놀로지스,Industrials
OGI,Organigram Global Inc,오가니그램 글로벌,Healthcare
GSIT,GSI Technology Inc,GSI 테크놀로지,Technology
CFBK,CF Bankshares Inc,CF 뱅크셰어스,Financial Services
TNXP,Tonix Pharmaceuticals Holding Corp,토닉스 파마슈티컬스 홀딩스,Healthcare
ELTX,Elicio Therapeutics Inc,엘리시오 테라퓨틱스,Healthcare
INGN,Inogen Inc,이노젠,Healthcare
SEVN,Seven Hills Realty Trust,세븐 힐스 리얼티 트러스트,Real Estate
WLAC,Willow Lane Acquisition Corp,윌로우 레인 애퀴지션,Financial Services
CNCK,Coincheck Group NV,코인체크 그룹,Financial Services
MVIS,MicroVision Inc,마이크로비전,Technology
INSE,Inspired Entertainment Inc,인스파이어드 엔터테인먼트,Consumer Cyclical
PAAC,Proem Acquisition Corp I,프로엠 애퀴지션 I,Financial Services
PLBY,Playboy Inc,플레이보이,Consumer Cyclical
RICK,RCI Hospitality Holdings Inc,RCI 호스피탤리티 홀딩스,Consumer Cyclical
IMMR,Immersion Corp,이머전,Technology
GSIW,Garden Stage Ltd,가든 스테이지,Financial Services
CDXS,Codexis Inc,코덱시스,Healthcare
CRBU,Caribou Biosciences Inc,캐리부 바이오사이언시스,Healthcare
PRQR,ProQR Therapeutics NV,프로큐알 테라퓨틱스,Healthcare
GDC,GD Culture Group Ltd,GD 컬처 그룹,Communication Services
KVHI,KVH Industries Inc,케이브이에이치 인더스트리스,Communication Services
CBFV,CB Financial Services Inc,CB 파이낸셜 서비스,Financial Services
CNTN,Canton Strategic Holdings Inc,캔턴 스트래티직 홀딩스,Healthcare
PAMT,PAMT Corp,피에이엠티,Industrials
QUIK,Quicklogic Corp,퀵로직,Technology
MNSB,MainStreet Bancshares Inc,메인스트리트 뱅크셰어스,Financial Services
LBTYB,Liberty Global Ltd Class B,리버티 글로벌 클래스 B,Communication Services
ASYS,Amtech Systems Inc,암테크 시스템즈,Technology
FCAP,First Capital Inc,퍼스트 캐피털,Financial Services
NUTR,NusaTrip Inc,누사트립,Consumer Cyclical
AIFU,AIFU Inc,아이푸,Financial Services
RBKB,Rhinebeck Bancorp Inc,라인벡 뱅코프,Financial Services
CHEC,Chenghe Acquisition III Co,청허 애퀴지션 III,Financial Services
BNR,Burning Rock Biotech Ltd ADR,버닝 록 바이오테크,Healthcare
CAST,Freecast Inc,프리캐스트,Communication Services
LAWR,Robot Consulting Co Ltd ADR,로봇 컨설팅,Industrials
CRBP,Corbus Pharmaceuticals Holdings Inc,코버스 파마슈티컬스 홀딩스,Healthcare
DPRO,Draganfly Inc,드래건플라이,Technology
ALPS,Alps Group Inc,알프스 그룹,Unknown
BVFL,BV Financial Inc,BV 파이낸셜,Financial Services
ACHV,Achieve Life Sciences Inc,어치브 라이프 사이언시스,Healthcare
EBMT,Eagle Bancorp Montana Inc,이글 뱅코프 몬태나,Financial Services
VERI,Veritone Inc,베리톤,Technology
RANG,Range Capital Acquisition Corp,레인지 캐피털 애퀴지션,Financial Services
UNCY,Unicycive Therapeutics Inc,유니사이시브 테라퓨틱스,Healthcare
NFE,New Fortress Energy Inc,뉴 포트리스 에너지,Energy
MNTK,Montauk Renewables Inc,몬턱 리뉴어블스,Basic Materials
NCSM,NCS Multistage Holdings Inc,NCS 멀티스테이지 홀딩스,Energy
WHF,WhiteHorse Finance Inc,화이트호스 파이낸스,Financial Services
CPSS,Consumer Portfolio Services Inc,컨슈머 포트폴리오 서비스,Financial Services
RNAC,Cartesian Therapeutics Inc,카테시안 테라퓨틱스,Healthcare
RENT,Rent the Runway Inc,렌트 더 런웨이,Consumer Cyclical
QTRX,Quanterix Corp,퀀테릭스,Healthcare
SGMT,Sagimet Biosciences Inc,새지멧 바이오사이언시스,Healthcare
SDA,SunCar Technology Group Inc,선카 테크놀로지 그룹,Consumer Cyclical
KLTR,Kaltura Inc,칼투라,Technology
WTF,Waton Financial Ltd,와톤 파이낸셜,Financial Services
ARTV,Artiva Biotherapeutics Inc,아티바 바이오테라퓨틱스,Healthcare
LFMD,LifeMD Inc,라이프엠디,Healthcare
LCUT,Lifetime Brands Inc,라이프타임 브랜즈,Consumer Cyclical
BCBP,BCB Bancorp Inc,BCB 뱅코프,Financial Services
ANTA,Antalpha Platform Holding Co,앤트알파 플랫폼 홀딩,Financial Services
XRX,Xerox Holdings Corp,제록스 홀딩스,Industrials
BUUU,BUUU Group Ltd,BUUU 그룹,Industrials
RELL,Richardson Electronics Ltd,리처드슨 일렉트로닉스,Technology
KPTI,Karyopharm Therapeutics Inc,카리오팜 테라퓨틱스,Healthcare
AFJK,Aimei Health Technology Co Ltd,아이메이 헬스 테크놀로지,Financial Services
NMP,NMP Acquisition Corp,NMP 애퀴지션,Financial Services
ONEW,OneWater Marine Inc,원워터 마린,Consumer Cyclical
VTIX,Virtuix Holdings Inc,버투익스 홀딩스,Technology
WHWK,Whitehawk Therapeutics Inc,화이트호크 테라퓨틱스,Healthcare
ORBS,Eightco Holdings Inc,에이트코 홀딩스,Consumer Cyclical
IDN,Intellicheck Inc,인텔리체크,Technology
SGC,Superior Group of Companies Inc,슈피리어 그룹 오브 컴퍼니스,Consumer Cyclical
NKTX,Nkarta Inc,엔카르타,Healthcare
TAYD,Taylor Devices Inc,테일러 디바이시스,Industrials
PDEX,Pro-Dex Inc,프로덱스,Healthcare
CNTB,Connect Biopharma Holdings Ltd,커넥트 바이오파마 홀딩스,Healthcare
USGO,US GoldMining Inc,유에스 골드마이닝,Basic Materials
NNOX,Nano-X Imaging Ltd,나노엑스 이미징,Healthcare
TLSA,Tiziana Life Sciences Ltd,티지아나 라이프 사이언시스,Healthcare
EMIS,Emmis Acquisition Corp,에미스 애퀴지션,Financial Services
LKSP,Lake Superior Acquisition Corp,레이크 슈피리어 애퀴지션,Financial Services
ATOM,Atomera Inc,아토메라,Technology
OXSQ,Oxford Square Capital Corp,옥스퍼드 스퀘어 캐피털,Financial Services
LARK,Landmark Bancorp Inc,랜드마크 뱅코프,Financial Services
APYX,Apyx Medical Inc,에이픽스 메디컬,Healthcare
LAFA,LaFayette Acquisition Corp,라파예트 애퀴지션,Financial Services
CRDL,Cardiol Therapeutics Inc,카디올 테라퓨틱스,Healthcare
RAIL,FreightCar America Inc,프레이트카 아메리카,Industrials
SPEG,Silver Pegasus Acquisition Corp,실버 페가수스 애퀴지션,Financial Services
AGEN,Agenus Inc,아제너스,Healthcare
BRR,ProCap Financial Inc,프로캡 파이낸셜,Financial Services
TKNO,Alpha Teknova Inc,알파 테크노바,Healthcare
IMUX,Immunic Inc,이뮤닉,Healthcare
HNVR,Hanover Bancorp Inc,하노버 뱅코프,Financial Services
DTIL,Precision BioSciences Inc,프리시전 바이오사이언시스,Healthcare
SPRO,Spero Therapeutics Inc,스페로 테라퓨틱스,Healthcare
SMTI,Sanara Medtech Inc,사나라 메드테크,Healthcare
CTW,CTW Cayman,CTW 케이맨,Communication Services
LFCR,Lifecore Biomedical Inc,라이프코어 바이오메디컬,Healthcare
QSI,Quantum-Si Inc,퀀텀-사이,Healthcare
MBOT,Microbot Medical Inc,마이크로봇 메디컬,Healthcare
PNBK,Patriot National Bancorp Inc,패트리엇 내셔널 뱅코프,Financial Services
DTI,Drilling Tools International Corp,드릴링 툴스 인터내셔널,Energy
SAMG,Silvercrest Asset Management Group Inc,실버크레스트 애셋 매니지먼트 그룹,Financial Services
CVGI,Commercial Vehicle Group Inc,커머셜 비히클 그룹,Consumer Cyclical
ACOG,Alpha Cognition Inc,알파 코그니션,Healthcare
DOYU,Douyu International Holdings Ltd ADR,더우위 인터내셔널 홀딩스,Communication Services
DGXX,Digi Power X Inc,디지 파워 X,Utilities
VTVT,vTv Therapeutics Inc,브이티브이 테라퓨틱스,Healthcare
FGBI,First Guaranty Bancshares Inc,퍼스트 개런티 뱅크셰어스,Financial Services
BANX,ArrowMark Financial Corp,애로우마크 파이낸셜,Financial Services
ECBK,ECB Bancorp Inc,ECB 뱅코프,Financial Services
INAC,Indigo Acquisition Corp,인디고 애퀴지션,Financial Services
PROP,Prairie Operating Co,프레리 오퍼레이팅,Energy
HRTX,Heron Therapeutics Inc,헤론 테라퓨틱스,Healthcare
LPRO,Open Lending Corp,오픈 렌딩,Financial Services
FNWD,Finward Bancorp,핀워드 뱅코프,Financial Services
KLRS,Kalaris Therapeutics Inc,칼라리스 테라퓨틱스,Healthcare
CEPS,Cantor Equity Partners Vi  Inc,캔터 에쿼티 파트너스 VI,Financial Services
KALA,KALA BIO Inc,KALA 바이오,Healthcare
SKYX,SKYX Platforms Corp,SKYX 플랫폼스,Industrials
NAKA,Nakamoto Inc,나카모토,Financial Services
SMID,Smith-Midland Corp,스미스-미들랜드,Basic Materials
SRBK,SR Bancorp Inc,SR 뱅코프,Financial Services
TNYA,Tenaya Therapeutics Inc,테나야 테라퓨틱스,Healthcare
MOLN,Molecular Partners AG ADR,몰레큘러 파트너스,Healthcare
EMPG,Empro Group Inc,엠프로 그룹,Healthcare
NVX,NOVONIX Ltd ADR,노보닉스,Industrials
HQI,Hirequest Inc,하이어퀘스트,Industrials
GALT,Galectin Therapeutics Inc,갈렉틴 테라퓨틱스,Healthcare
NYXH,Nyxoah SA,닉소아,Healthcare
BZUN,Baozun Inc ADR,바오준,Consumer Cyclical
HTLM,HomesToLife Ltd,홈즈투라이프,Consumer Cyclical
BDSX,Biodesix Inc,바이오데식스,Healthcare
RMBI,Richmond Mutual Bancorporation Inc,리치먼드 뮤추얼 뱅코퍼레이션,Financial Services
ORMP,Oramed Pharmaceuticals Inc,오라메드 파마슈티컬스,Healthcare
HOFT,Hooker Furnishings Corp,후커 퍼니싱스,Consumer Cyclical
SNWV,SANUWAVE Health Inc,사누웨이브 헬스,Healthcare
NIPG,NIP Group Inc ADR,NIP 그룹,Communication Services
BDTX,Black Diamond Therapeutics Inc,블랙 다이아몬드 테라퓨틱스,Healthcare
INVZ,Innoviz Technologies Ltd,이노비즈 테크놀로지스,Consumer Cyclical
ALTS,ALT5 Sigma Corp,ALT5 시그마,Technology
NTHI,NeOnc Technologies Holdings Inc,니온크 테크놀로지스 홀딩스,Healthcare
RFAM,RF Acquisition Corp III,RF 애퀴지션 III,Financial Services
BMEA,Biomea Fusion Inc,바이오미아 퓨전,Healthcare
CCLD,CareCloud Inc,케어클라우드,Healthcare
DMRC,Digimarc Corp,디지마크,Technology
NXTT,Next Technology Holding Inc,넥스트 테크놀로지 홀딩,Technology
FONR,Fonar Corp,포나,Healthcare
AFBI,Affinity Bancshares Inc,어피니티 뱅크셰어스,Financial Services
SEV,Aptera Motors Corp,앱테라 모터스,Unknown
SCPQ,Social Commerce Partners Corp,소셜 커머스 파트너스,Financial Services
HUMA,Humacyte Inc,휴마사이트,Healthcare
FATE,Fate Therapeutics Inc,페이트 테라퓨틱스,Healthcare
ANPA,Rich Sparkle Holdings Ltd,리치 스파클 홀딩스,Industrials
ROC,Rank One Computing Corp,랭크 원 컴퓨팅,Unknown
SBFG,SB Financial Group Inc,SB 파이낸셜 그룹,Financial Services
SPWR,SunPower Inc,선파워,Technology
EMPD,Empery Digital Inc,엠페리 디지털,Consumer Cyclical
GAMB,Gambling.com Group Ltd,갬블링닷컴 그룹,Consumer Cyclical
CODA,Coda Octopus Group Inc,코다 옥토퍼스 그룹,Industrials
BRLT,Brilliant Earth Group Inc,브릴리언트 어스 그룹,Consumer Cyclical
OIO,OIO Group,OIO 그룹,Financial Services
AMCI,AMC Robotics Corp,AMC 로보틱스,Technology
THRY,Thryv Holdings Inc,스라이브 홀딩스,Technology
WALD,Waldencast PLC,월든캐스트,Consumer Defensive
CAAS,China Automotive Systems Inc,차이나 오토모티브 시스템즈,Consumer Cyclical
SHIM,Shimmick Corp,쉬믹,Industrials
EDAP,Edap Tms SA ADR,EDAP TMS,Healthcare
NEOV,NeoVolta Inc,네오볼타,Industrials
GEOS,Geospace Technologies Corp,지오스페이스 테크놀로지스,Energy
FLX,BingEx Ltd ADR,빙엑스,Industrials
JLHL,Julong Holding Ltd,줄롱 홀딩,Industrials
JYNT,Joint Corp,조인트,Healthcare
EML,Eastern Company,이스턴 컴퍼니,Industrials
SANG,Sangoma Technologies Corp,상고마 테크놀로지스,Technology
SILC,Silicom Ltd,실리콤,Technology
OPRX,OptimizeRx Corp,옵티마이즈알엑스,Healthcare
IPHA,Innate Pharma SA ADR,이네이트 파마,Healthcare
IPEX,Inflection Point Acquisition Corp V,인플렉션 포인트 애퀴지션 V,Financial Services
RFIL,RF Industries Ltd,RF 인더스트리스,Industrials
GOAI,Eva Live Inc,에바 라이브,Technology
ACNT,Ascent Industries Co,어센트 인더스트리스,Basic Materials
FRD,Friedman Industries Inc,프리드먼 인더스트리스,Basic Materials
ZJK,ZJK Industrial Co Ltd,ZJK 인더스트리얼,Industrials
TAVI,Tavia Acquisition Corp,타비아 애퀴지션,Financial Services
GPRO,GoPro Inc,고프로,Technology
NAMM,Namib Minerals,나미브 미네랄스,Basic Materials
HYNE,Hoyne Bancorp Inc,호인 뱅코프,Financial Services
EQ,Equillium Inc,이퀼리엄,Healthcare
CBUS,Cibus Inc,시버스,Healthcare
DLTH,Duluth Holdings Inc,덜루스 홀딩스,Consumer Cyclical
ODYS,Odysight.AI Inc,오디사이트 AI,Technology
LSBK,Lake Shore Bancorp Inc,레이크 쇼어 뱅코프,Financial Services
PCSC,Perceptive Capital Solutions Corp,퍼셉티브 캐피털 솔루션스,Financial Services
BSET,Bassett Furniture Industries Inc,바셋 퍼니처 인더스트리스,Consumer Cyclical
TTEC,TTEC Holdings Inc,티텍 홀딩스,Technology
RGP,Resources Connection Inc,리소시스 커넥션,Industrials
ASRT,Assertio Holdings Inc,어서티오 홀딩스,Healthcare
WSBK,Winchester Bancorp Inc,윈체스터 뱅코프,Financial Services
GNLX,Genelux Corp,제네룩스,Healthcare
ICG,Intchains Group Ltd ADR,인트체인스 그룹,Technology
ANTX,AN2 Therapeutics Inc,AN2 테라퓨틱스,Healthcare
RCEL,AVITA Medical Inc,AVITA 메디컬,Healthcare
TUSK,Mammoth Energy Services Inc,매머드 에너지 서비스,Industrials
QSEA,Quartzsea Acquisition Corp,쿼츠씨 애퀴지션,Financial Services
ATLX,Atlas Lithium Corp,아틀라스 리튬,Basic Materials
TONX,Ton Strategy Co,톤 스트래티지,Technology
LGO,Largo Inc,라르고,Basic Materials
DOMO,Domo Inc,도모,Technology
BAER,Bridger Aerospace Group Holdings Inc,브리저 에어로스페이스 그룹 홀딩스,Industrials
METCB,Ramaco Resources Inc Class B,라마코 리소시스,Basic Materials
MSLE,Satellos Bioscience Inc,사텔로스 바이오사이언스,Healthcare
WW,WW International Inc,WW 인터내셔널,Healthcare
CHAR,Charlton Aria Acquisition Corp,찰턴 아리아 애퀴지션,Financial Services
WSHP,WeShop Holdings Ltd,위샵 홀딩스,Communication Services
PGAC,Pantages Capital Acquisition Corp,팬티지스 캐피털 애퀴지션,Financial Services
QUMS,Quantumsphere Acquisition Corp,퀀텀스피어 애퀴지션,Financial Services
PEPG,PepGen Inc,펩젠,Healthcare
RVSB,Riverview Bancorp Inc,리버뷰 뱅코프,Financial Services
DGNX,Diginex Ltd,디지넥스,Industrials
SAFX,XCF Global Inc,XCF 글로벌,Utilities
MGYR,Magyar Bancorp Inc,마저르 뱅코프,Financial Services
MAPS,WM Technology Inc,WM 테크놀로지,Technology
BSBK,Bogota Financial Corp,보고타 파이낸셜,Financial Services
ULBI,Ultralife Corp,울트라라이프,Industrials
SKIN,Beauty Health Co,뷰티 헬스,Consumer Defensive
DH,Definitive Healthcare Corp,디피니티브 헬스케어,Healthcare
SFBC,Sound Financial Bancorp Inc,사운드 파이낸셜 뱅코프,Financial Services
BOOM,DMC Global Inc,DMC 글로벌,Industrials
AOUT,American Outdoor Brands Inc,아메리칸 아웃도어 브랜즈,Consumer Cyclical
CMTL,Comtech Telecommunications Corp,컴테크 텔레커뮤니케이션스,Technology
BNC,CEA Industries Inc,CEA 인더스트리스,Industrials
SCOR,Comscore Inc,컴스코어,Technology
LONA,LeonaBio Inc,레오나바이오,Healthcare
UNB,Union Bankshares Inc,유니온 뱅크셰어스,Financial Services
STIM,Neuronetics Inc,뉴로네틱스,Healthcare
CHSN,Chanson International Holding,샹송 인터내셔널 홀딩,Consumer Cyclical
HYPR,Hyperfine Inc,하이퍼파인,Healthcare
REKR,Rekor Systems Inc,리코어 시스템즈,Technology
CRDF,Cardiff Oncology Inc,카디프 온콜로지,Healthcare
SGMO,Sangamo Therapeutics Inc,상가모 테라퓨틱스,Healthcare
HFFG,Hf Foods Group Inc,HF 푸즈 그룹,Consumer Defensive
VRA,Vera Bradley Inc,베라 브래들리,Consumer Cyclical
DERM,Journey Medical Corp,저니 메디컬,Healthcare
PROV,Provident Financial Holdings Inc,프로비던트 파이낸셜 홀딩스,Financial Services
MRCC,Monroe Capital Corp,먼로 캐피털,Financial Services
ZENA,ZenaTech Inc,제나테크,Technology
ONCY,Oncolytics Biotech Inc,온콜리틱스 바이오텍,Healthcare
FORR,Forrester Research Inc,포레스터 리서치,Industrials
FGMC,FG Merger II Corp,FG 머저 II,Financial Services
MDXH,MDxHealth SA,MDx헬스,Healthcare
CRMT,America's CAR-MART Inc,아메리카스 카마트,Consumer Cyclical
SUNS,Sunrise Realty Trust Inc,선라이즈 리얼티 트러스트,Real Estate
IMDX,Insight Molecular Diagnostics Inc,인사이트 몰레큘러 다이애그노스틱스,Healthcare
KZIA,Kazia Therapeutics Ltd ADR,카지아 테라퓨틱스,Healthcare
CHPG,ChampionsGate Acquisition Corp,챔피언스게이트 애퀴지션,Financial Services
ARQ,Arq Inc,아크,Industrials
DFDV,DeFi Development Corp,디파이 디벨롭먼트,Financial Services
CLAR,Clarus Corp,클라루스,Consumer Cyclical
RANI,Rani Therapeutics Holdings Inc,라니 테라퓨틱스 홀딩스,Healthcare
MB,Masterbeef Group,마스터비프 그룹,Consumer Cyclical
HSDT,Solana Co,솔라나,Financial Services
VWAV,VisionWave Holdings Inc,비전웨이브 홀딩스,Industrials
TTRX,Turn Therapeutics Inc,턴 테라퓨틱스,Healthcare
VRCA,Verrica Pharmaceuticals Inc,베리카 파마슈티컬스,Healthcare
NOEM,CO2 Energy Transition Corp,CO2 에너지 트랜지션,Financial Services
ISPR,Ispire Technology Inc,아이스파이어 테크놀로지,Consumer Defensive
RPID,Rapid Micro Biosystems Inc,래피드 마이크로 바이오시스템즈,Healthcare
DGICB,Donegal Group Inc Class B,도네갈 그룹,Financial Services
SPKL,Spark I Acquisition Corp,스파크 I 애퀴지션,Financial Services
DTCX,Datacentrex Inc,데이터센터엑스,Financial Services
PMN,ProMIS Neurosciences Inc,프로미스 뉴로사이언스,Healthcare
KEQU,Kewaunee Scientific Corp,키워니 사이언티픽,Consumer Cyclical
BCIC,BCP Investment Corp,비씨피 인베스트먼트,Financial Services
HURC,Hurco Companies Inc,허코 컴퍼니즈,Industrials
BOTJ,Bank of The James Financial Group  Inc,뱅크 오브 더 제임스 파이낸셜 그룹,Financial Services
LSE,Leishen Energy Holding Co Ltd,레이선 에너지 홀딩스,Energy
STHO,Star Holdings,스타 홀딩스,Real Estate
SEER,Seer Inc,시어,Healthcare
AEC,Anfield Energy Inc,앤필드 에너지,Energy
VIRC,Virco Mfg Corp,버코 매뉴팩처링,Consumer Cyclical
AGFY,Agrify Corp,애그리파이,Unknown
HURA,TuHURA Biosciences Inc,투후라 바이오사이언시스,Healthcare
COYA,Coya Therapeutics Inc,코야 테라퓨틱스,Healthcare
SSBI,Summit State Bank,서밋 스테이트 뱅크,Financial Services
DWSN,Dawson Geophysical Co,도슨 지오피지컬,Energy
FLL,Full House Resorts Inc,풀하우스 리조트,Consumer Cyclical
FTLF,FitLife Brands Inc,핏라이프 브랜즈,Consumer Defensive
LCCC,Lakeshore Acquisition III Corp,레이크쇼어 애퀴지션 III,Financial Services
PYXS,Pyxis Oncology Inc,픽시스 온콜로지,Healthcare
ALDX,Aldeyra Therapeutics Inc,알데이라 테라퓨틱스,Healthcare
RFAI,RF Acquisition Corp II,RF 애퀴지션 II,Financial Services
FNWB,First Northwest Bancorp,퍼스트 노스웨스트 뱅코프,Financial Services
FLNT,Fluent Inc,플루언트,Communication Services
ANIX,Anixa Biosciences Inc,애닉사 바이오사이언시스,Healthcare
LAKE,Lakeland Industries Inc,레이크랜드 인더스트리스,Consumer Cyclical
VANI,Vivani Medical Inc,비바니 메디컬,Healthcare
QMCO,Quantum Corp,퀀텀,Technology
MERC,Mercer International Inc,머서 인터내셔널,Basic Materials
AURE,Aurelion Inc,오렐리온,Financial Services
INVE,Identiv Inc,아이덴티브,Industrials
OPXS,Optex Systems Holdings Inc,옵텍스 시스템스 홀딩스,Industrials
BEEP,Mobile Infrastructure Corp,모바일 인프라스트럭처,Industrials
BMHL,Bluemount Holdings Ltd,블루마운트 홀딩스,Financial Services
JFB,JFB Construction Holdings,제이에프비 컨스트럭션 홀딩스,Real Estate
UBCP,United Bancorp Inc,유나이티드 뱅코프,Financial Services
MMTX,Miluna Acquisition Corp,밀루나 애퀴지션,Financial Services
AARD,Aardvark Therapeutics Inc,아드바크 테라퓨틱스,Healthcare
ORIQ,Origin Investment Corp I,오리진 인베스트먼트 I,Financial Services
SUIG,SUI Group Holdings Ltd,에스유아이 그룹 홀딩스,Financial Services
FUSB,First US Bancshares Inc,퍼스트 유에스 뱅크셰어스,Financial Services
BHST,BioHarvest Sciences Inc,바이오하베스트 사이언시스,Consumer Defensive
TMCI,Treace Medical Concepts  Inc,트레이스 메디컬 콘셉츠,Healthcare
NEXM,NexMetals Mining Corp,넥스메탈스 마이닝,Basic Materials
HIT,Health In Tech Inc,헬스 인 테크,Technology
MRDN,Meridian Holdings Inc,메리디언 홀딩스,Communication Services
QTTB,Q32 Bio Inc,Q32 바이오,Healthcare
OCC,Optical Cable Corp,옵티컬 케이블,Technology
KG,Kestrel Group Ltd,케스트렐 그룹,Financial Services
INO,Inovio Pharmaceuticals Inc,이노비오 파마슈티컬스,Healthcare
CPSH,CPS Technologies Corp,CPS 테크놀로지스,Technology
SLSN,Solesence Inc,솔레선스,Consumer Defensive
RDZN,Roadzen Inc,로드젠,Technology
SPRB,Spruce Biosciences  Inc,스프루스 바이오사이언시스,Healthcare
CSBR,Champions Oncology Inc,챔피언스 온콜로지,Healthcare
EXOZ,eXoZymes Inc,엑소자임스,Healthcare
SSTI,SoundThinking Inc,사운드싱킹,Technology
MCRB,Seres Therapeutics Inc,세레스 테라퓨틱스,Healthcare
CSPI,CSP Inc,CSP,Technology
SERA,Sera Prognostics Inc,세라 프로그노스틱스,Healthcare
ALIS,Calisa Acquisition Corp,칼리사 애퀴지션,Financial Services
OKYO,OKYO Pharma Ltd,오키오 파마,Healthcare
QTI,QT Imaging Holdings Inc,QT 이미징 홀딩스,Healthcare
BVC,BitVentures Ltd,비트벤처스,Technology
NCTY,The9 Ltd ADR,더나인,Financial Services
OCCI,OFS Credit Company Inc,OFS 크레딧 컴퍼니,Financial Services
ZKIN,ZK International Group Co Ltd,ZK 인터내셔널 그룹,Basic Materials
WATT,Energous Corp,에너거스,Technology
CRGO,Freightos Ltd,프레이토스,Industrials
BLNK,Blink Charging Co,블링크 차징,Industrials
DLHC,DLH Holdings Corp,DLH 홀딩스,Industrials
WRAP,Wrap Technologies Inc,랩 테크놀로지스,Technology
AUBN,Auburn National Bancorporation Inc,오번 내셔널 뱅코퍼레이션,Financial Services
ALOT,AstroNova Inc,아스트로노바,Technology
PFX,PhenixFIN Corp,피닉스핀,Financial Services
PLRX,Pliant Therapeutics Inc,플라이언트 테라퓨틱스,Healthcare
HCAT,Health Catalyst Inc,헬스 캐털리스트,Healthcare
APAC,StoneBridge Acquisition II Corp,스톤브리지 애퀴지션 II,Financial Services
FVN,Future Vision II Acquisition Corp,퓨처 비전 II 애퀴지션,Financial Services
SFWL,SHENGFENG DEVELOPMENT Ltd,성펑 디벨롭먼트,Industrials
TORO,Toro Corp,토로,Energy
FLNA,Filana Therapeutics Inc,필라나 테라퓨틱스,Healthcare
CREX,Creative Realities Inc,크리에이티브 리얼리티즈,Technology
GNSS,Genasys Inc,제나시스,Technology
WSTN,Westin Acquisition Corp,웨스틴 애퀴지션,Financial Services
PARK,Park Dental Partners Inc,파크 덴털 파트너스,Healthcare
UYSC,UY Scuti Acquisition Corp,UY 스쿠티 애퀴지션,Financial Services
MAYS,J W Mays Inc,J W 메이스,Real Estate
AGH,Aureus Greenway Holdings Inc,오레우스 그린웨이 홀딩스,Consumer Cyclical
SLNH,Soluna Holdings Inc,솔루나 홀딩스,Financial Services
RSSS,Research Solutions Inc,리서치 솔루션즈,Technology
CPHC,Canterbury Park Holding Corp,캔터베리 파크 홀딩,Consumer Cyclical
PYPD,PolyPid Ltd,폴리피드,Healthcare
SPAI,Safe Pro Group Inc,세이프 프로 그룹,Industrials
GANX,Gain Therapeutics Inc,게인 테라퓨틱스,Healthcare
AEYE,AudioEye Inc,오디오아이,Technology
ATYR,aTyr Pharma Inc,에이타이어 파마,Healthcare
FDSB,Fifth District Bancorp Inc,피프스 디스트릭트 뱅코프,Financial Services
SSEA,Starry Sea Acquisition Corp,스타리 시 애퀴지션,Financial Services
EXFY,Expensify Inc,익스펜시파이,Technology
SEAT,Vivid Seats Inc,비비드 시츠,Communication Services
NTIC,Northern Technologies International Corp,노던 테크놀로지스 인터내셔널,Basic Materials
HNNA,Hennessy Advisors Inc,헤네시 어드바이저스,Financial Services
INTG,InterGroup Corp,인터그룹,Consumer Cyclical
GOSS,Gossamer Bio Inc,고서머 바이오,Healthcare
AEI,Alset Inc,알셋,Real Estate
ARBE,Arbe Robotics Ltd,아르베 로보틱스,Technology
AISP,Airship AI Holdings Inc,에어십 AI 홀딩스,Technology
MXCT,MaxCyte Inc,맥스사이트,Healthcare
BSAA,BEST SPAC I Acquistion Corp,BEST 스팩 I 애퀴지션,Financial Services
FBIO,Fortress Biotech Inc,포트리스 바이오테크,Healthcare
WTG,Wintergreen Acquisition Corp,윈터그린 애퀴지션,Financial Services
OM,Outset Medical Inc,아웃셋 메디컬,Healthcare
VRM,Vroom Inc,브룸,Financial Services
PLCE,Children's Place Inc,칠드런스 플레이스,Consumer Cyclical
XTIA,XTI Aerospace Inc,XTI 에어로스페이스,Industrials
NBRG,Newbridge Acquisition Ltd,뉴브리지 애퀴지션,Financial Services
LIDR,AEye Inc,에이아이,Technology
GCL,GCL Global Holdings Ltd,GCL 글로벌 홀딩스,Communication Services
BPAC,Blueport Acquisition Ltd,블루포트 애퀴지션,Unknown
MIND,Mind Technology Inc,마인드 테크놀로지,Technology
SGA,Saga Communications Inc,사가 커뮤니케이션즈,Communication Services
NRXP,NRX Pharmaceuticals Inc,NRX 파마슈티컬스,Healthcare
CLNN,Clene Inc,클린,Consumer Defensive
ASPS,Altisource Portfolio Solutions SA,알티소스 포트폴리오 솔루션스,Real Estate
SOGP,Sound Group Inc ADR,사운드 그룹,Communication Services
ESLA,Estrella Immunopharma Inc,에스트렐라 이뮤노파마,Healthcare
SCAG,Scage Future ADR,스케이지 퓨처,Industrials
SIEB,Siebert Financial Corp,시버트 파이낸셜,Financial Services
TOUR,Tuniu Corp ADR,투니우,Consumer Cyclical
THCH,TH International Ltd,TH 인터내셔널,Consumer Cyclical
CGTX,Cognition Therapeutics Inc,코그니션 테라퓨틱스,Healthcare
IBIO,iBio Inc,아이바이오,Healthcare
NNBR,NN Inc,NN,Industrials
CPBI,Central Plains Bancshares Inc,센트럴 플레인스 뱅크셰어스,Financial Services
LICN,Lichen International Ltd,라이컨 인터내셔널,Industrials
CCG,Cheche Group Inc,처처 그룹,Communication Services
GECC,Great Elm Capital Corp,그레이트 엘름 캐피털,Financial Services
XGN,Exagen Inc,엑사젠,Healthcare
SRTS,Sensus Healthcare Inc,센서스 헬스케어,Healthcare
CBAT,CBAK Energy Technology Inc,CBAK 에너지 테크놀로지,Industrials
BTCS,BTCS Inc,BTCS,Financial Services
YOUL,Youlife Group Inc ADR,유라이프 그룹,Consumer Defensive
GUTS,Fractyl Health Inc,프랙틸 헬스,Healthcare
LOOP,Loop Industries Inc,루프 인더스트리스,Basic Materials
BYSI,Beyondspring Inc,비욘드스프링,Healthcare
KNDI,Kandi Technologies Group Inc,칸디 테크놀로지스 그룹,Consumer Cyclical
XCH,XCHG Ltd ADR,XCHG,Industrials
HAIN,Hain Celestial Group Inc,하인 셀레스티얼 그룹,Consumer Defensive
IFRX,InflaRx NV,인플라알엑스,Healthcare
MNOV,MediciNova Inc,메디시노바,Healthcare
XBIT,XBiotech Inc,엑스바이오테크,Healthcare
BODI,Beachbody Company Inc,비치바디 컴퍼니,Communication Services
NOMA,Nomadar Corp,노마다르,Consumer Cyclical
PRPL,Purple Innovation Inc,퍼플 이노베이션,Consumer Cyclical
BRID,Bridgford Foods Corp,브리지포드 푸즈,Consumer Defensive
SNT,Senstar Technologies Corp,센스타 테크놀로지스,Industrials
TEAD,Teads Holding Co,티즈 홀딩,Communication Services
MCHX,Marchex Inc,마르첵스,Communication Services
CING,Cingulate Inc,싱귤레이트,Healthcare
UHG,United Homes Group Inc,유나이티드 홈스 그룹,Consumer Cyclical
PMVP,PMV Pharmaceuticals Inc,PMV 파마슈티컬스,Healthcare
SYPR,Sypris Solutions Inc,사이프리스 솔루션즈,Consumer Cyclical
CLST,Catalyst Bancorp Inc,캐털리스트 뱅코프,Financial Services
ATHE,Alterity Therapeutics Ltd ADR,알터리티 테라퓨틱스,Healthcare
LNSR,LENSAR Inc,렌사,Healthcare
,Nano Labs Ltd,나노 랩스,Unknown
HOUR,Hour Loop Inc,아워 루프,Consumer Cyclical
SLMT,Brera Holdings PLC,브레라 홀딩스,Communication Services
MOB,Mobilicom Ltd,모빌리콤,Industrials
DWTX,Dogwood Therapeutics Inc,도그우드 테라퓨틱스,Healthcare
VIOT,Viomi Technology Co Ltd ADR,비오미 테크놀로지,Consumer Cyclical
SLNG,Stabilis Solutions Inc,스타빌리스 솔루션스,Energy
AFCG,Advanced Flower Capital Inc,어드밴스드 플라워 캐피털,Financial Services
BDMD,Baird Medical Investment Holdings Ltd,베어드 메디컬 인베스트먼트 홀딩스,Healthcare
FORA,Forian Inc.,포리안,Healthcare
VGAS,Verde Clean Fuels Inc,베르데 클린 퓨얼스,Utilities
LGCL,Lucas GC Ltd,루카스 GC,Technology
HTCO,High-Trend International Group,하이트렌드 인터내셔널 그룹,Industrials
AIRG,Airgain Inc,에어게인,Technology
GEG,Great Elm Group Inc,그레이트 엘름 그룹,Financial Services
KVAC,Keen Vision Acquisition Corp,킨 비전 애퀴지션,Financial Services
LFS,Leifras Co Ltd ADR,레이프라스,Communication Services
CYPH,Cypherpunk Technologies Inc,사이퍼펑크 테크놀로지스,Financial Services
BLNE,Beeline Holdings Inc,비라인 홀딩스,Financial Services
OBTC,OSPREY BITCOIN ETP,오스프리 비트코인 ETP,Unknown
COEP,Coeptis Therapeutics Holdings Inc,코엡티스 테라퓨틱스 홀딩스,Healthcare
UPXI,Upexi  Inc,유펙시,Communication Services
NSPR,InspireMD Inc,인스파이어엠디,Healthcare
GAIA,Gaia Inc,가이아,Communication Services
PBHC,Pathfinder Bancorp Inc (MARYLAND),패스파인더 뱅코프,Financial Services
TZOO,Travelzoo,트래블주,Communication Services
GRWG,GrowGeneration Corp,그로우제너레이션,Consumer Cyclical
GMM,Global Mofy AI Ltd,글로벌 모피 AI,Technology
ZBAI,ATIF Holdings Ltd,에이티아이에프 홀딩스,Financial Services
ENTX,Entera Bio Ltd,엔테라 바이오,Healthcare
HLP,Hongli Group Inc,홍리 그룹,Basic Materials
RIBB,Ribbon Acquisition Corp,리본 애퀴지션,Financial Services
CDLX,Cardlytics Inc,카드리틱스,Communication Services
VHC,VirnetX Holding Corp,버넷엑스 홀딩,Technology
DOMH,Dominari Holdings Inc,도미나리 홀딩스,Financial Services
YTRA,Yatra Online Inc,야트라 온라인,Consumer Cyclical
ASRV,Ameriserv Financial Inc,아메리서브 파이낸셜,Financial Services
FEAM,5E Advanced Materials Inc,5E 어드밴스드 머티리얼즈,Basic Materials
RGS,Regis Corp,레지스,Consumer Cyclical
KBSX,FST Ltd,에프에스티,Basic Materials
SOTK,Sono-Tek Corp,소노텍,Technology
IZEA,IZEA Worldwide Inc,아이지아 월드와이드,Communication Services
ACET,Adicet Bio Inc,애디셋 바이오,Healthcare
HOVR,New Horizon Aircraft Ltd,뉴 호라이즌 에어크래프트,Industrials
NSTS,NSTS Bancorp Inc,엔에스티에스 뱅코프,Financial Services
IBAC,IB Acquisition Corp,아이비 애퀴지션,Financial Services
MDIA,Mediaco Holding Inc,미디어코 홀딩,Communication Services
KSCP,Knightscope Inc,나이트스코프,Industrials
TCRX,TScan Therapeutics Inc,티스캔 테라퓨틱스,Healthcare
WFCF,Where Food Comes From Inc,웨어 푸드 컴즈 프롬,Industrials
FLD,Fold Holdings Inc,폴드 홀딩스,Financial Services
HPAI,Helport AI Ltd,헬포트 AI,Technology
HAO,Haoxi Health Technology Ltd,하오시 헬스 테크놀로지,Communication Services
STSS,Sharps Technology Inc,샤프스 테크놀로지,Healthcare
PAVM,PAVmed Inc,패브메드,Healthcare
ZTEK,Zentek Ltd,젠텍,Healthcare
STKS,One Group Hospitality Inc,원 그룹 호스피탤리티,Consumer Cyclical
AIRT,Air T Inc,에어티,Industrials
ICCC,ImmuCell Corp,이뮤셀,Healthcare
SCLX,Scilex Holding Co,사일렉스 홀딩,Healthcare
FSEA,First Seacoast Bancorp Inc,퍼스트 시코스트 뱅코프,Financial Services
ELBM,Electra Battery Materials Corporation,일렉트라 배터리 머티리얼즈,Basic Materials
SDM,Smart Digital Group Ltd,스마트 디지털 그룹,Communication Services
OKUR,Onkure Therapeutics Inc,온큐어 테라퓨틱스,Healthcare
CTOR,Citius Oncology Inc,시티우스 온콜로지,Healthcare
LVO,LiveOne Inc,라이브원,Communication Services
BTMD,Biote Corp,바이오티,Healthcare
SELF,Global Self Storage Inc,글로벌 셀프 스토리지,Real Estate
RRGB,Red Robin Gourmet Burgers Inc,레드 로빈 고메 버거스,Consumer Cyclical
CAPN,Cayson Acquisition Corp,케이슨 애퀴지션,Financial Services
MYPS,PLAYSTUDIOS Inc,플레이스튜디오스,Communication Services
PSIG,PS International Group Ltd,피에스 인터내셔널 그룹,Industrials
GMHS,Gamehaus Holdings Inc,게임하우스 홀딩스,Communication Services
EDRY,EuroDry Ltd,유로드라이,Industrials
INKT,Mink Therapeutics Inc,밍크 테라퓨틱스,Healthcare
FIEE,FiEE Inc,파이이,Technology
FTCI,FTC Solar Inc,에프티씨 솔라,Technology
TIL,Instil Bio Inc,인스틸 바이오,Healthcare
ACRV,Acrivon Therapeutics Inc,애크리본 테라퓨틱스,Healthcare
PODC,Podcastone Inc,팟캐스트원,Communication Services
APWC,Asia Pacific Wire & Cable Corporation Ltd,아시아 퍼시픽 와이어 앤드 케이블,Industrials
DCGO,DocGo Inc,닥고,Healthcare
GGR,Gogoro Inc,고고로,Consumer Cyclical
FNGR,FingerMotion Inc,핑거모션,Communication Services
BOF,BranchOut Food Inc,브랜치아웃 푸드,Consumer Defensive
KLXE,KLX Energy Services Holdings Inc,케이엘엑스 에너지 서비스 홀딩스,Energy
SPWH,Sportsman's Warehouse Holdings Inc,스포츠맨스 웨어하우스 홀딩스,Consumer Cyclical
FFAI,Faraday Future Intelligent Electric Inc,패러데이 퓨처 인텔리전트 일렉트릭,Consumer Cyclical
FSHP,Flag Ship Acquisition Corp,플래그십 애퀴지션,Financial Services
EURK,Eureka Acquisition Corp,유레카 애퀴지션,Financial Services
HSPT,Horizon Space Acquisition II Corp,호라이즌 스페이스 애퀴지션 II,Financial Services
KZR,Kezar Life Sciences Inc,키자 라이프 사이언시스,Healthcare
ELTK,Eltek Ltd,엘텍,Technology
MNY,MoneyHero Ltd,머니히어로,Communication Services
ECOR,electroCore  Inc.,일렉트로코어,Healthcare
LUNG,Pulmonx Corp,펄몬엑스,Healthcare
UEIC,Universal Electronics Inc,유니버설 일렉트로닉스,Technology
YI,111 Inc ADR,111,Healthcare
HFBL,Home Federal Bancorp Inc of Louisiana,홈 페더럴 뱅코프 오브 루이지애나,Financial Services
BGM,BGM Group Ltd,비지엠 그룹,Healthcare
EDSA,Edesa Biotech Inc,에데사 바이오테크,Healthcare
NXXT,NextNRG Inc,넥스트 NRG,Utilities
LOAN,Manhattan Bridge Capital Inc,맨해튼 브리지 캐피털,Real Estate
BENF,Beneficient,베네피션트,Financial Services
SJ,Scienjoy Holding Corp,사이언조이 홀딩,Communication Services
YIBO,Planet Image International Ltd,플래닛 이미지 인터내셔널,Technology
UCL,Ucloudlink Group Inc ADR,유클라우드링크 그룹,Communication Services
COCH,Envoy Medical Inc,엔보이 메디컬,Healthcare
IMMP,Immutep Ltd ADR,이뮤텝,Healthcare
RYM,RYTHM Inc,리듬,Consumer Defensive
MDAI,Spectral AI Inc,스펙트럴 AI,Healthcare
MREO,Mereo BioPharma Group PLC ADR,메레오 바이오파마 그룹,Healthcare
PRTS,Carparts.Com Inc,카파츠닷컴,Consumer Cyclical
CNVS,Cineverse Corp,시네버스,Communication Services
DXR,Daxor Corp,닥소어,Healthcare
LFVN,LifeVantage Corp,라이프밴티지,Consumer Defensive
GRCE,Grace Therapeutics  Inc,그레이스 테라퓨틱스,Healthcare
RADX,Radiopharm Theranostics Ltd ADR,라디오팜 테라노스틱스,Healthcare
HYFT,MindWalk Holdings Corp,마인드워크 홀딩스,Healthcare
WKEY,Wisekey International Holding AG ADR,와이즈키 인터내셔널 홀딩,Technology
PDSB,PDS Biotechnology Corp,피디에스 바이오테크놀로지,Healthcare
TCBS,Texas Community Bancshares Inc,텍사스 커뮤니티 뱅크셰어스,Financial Services
MGX,Metagenomi Therapeutics Inc,메타지노미 테라퓨틱스,Healthcare
ZOOZ,Zooz Strategy Ltd,주즈 스트래티지,Consumer Cyclical
PRPO,Precipio Inc,프레시피오,Healthcare
VHUB,Venhub Global Inc,벤허브 글로벌,Consumer Defensive
IMA,ImageneBio Inc,이매진바이오,Healthcare
ACTU,Actuate Therapeutics Inc,액추에이트 테라퓨틱스,Healthcare
HCHL,Happy City Holdings Ltd,해피 시티 홀딩스,Consumer Cyclical
ALCY,Alchemy Investments Acquisition Corp 1,알케미 인베스트먼츠 애퀴지션 1,Financial Services
INLF,INLIF Ltd,인라이프,Industrials
PETS,Petmed Express Inc,펫메드 익스프레스,Healthcare
ELUT,Elutia Inc,엘루티아,Healthcare
NTRP,Nexttrip Inc,넥스트트립,Consumer Cyclical
DSWL,Deswell Industries Inc,데스웰 인더스트리스,Technology
CTNT,Cheetah Net Supply Chain Service Inc (Pre-Reincorporation),치타 넷 서플라이 체인 서비스,Industrials
XLO,Xilio Therapeutics Inc,엑실리오 테라퓨틱스,Healthcare
KELYB,Kelly Services Inc Class B,켈리 서비스,Industrials
ALGS,Aligos Therapeutics Inc,알리고스 테라퓨틱스,Healthcare
NTRB,Nutriband Inc,뉴트리밴드,Healthcare
HOWL,Werewolf Therapeutics Inc,웨어울프 테라퓨틱스,Healthcare
OMEX,Odyssey Marine Exploration Inc,오디세이 마린 익스플로레이션,Basic Materials
PLUT,Plutus Financial Group Ltd,플루투스 파이낸셜 그룹,Financial Services
HGBL,Heritage Global Inc,헤리티지 글로벌,Financial Services
BKHA,Black Hawk Acquisition Corp,블랙호크 애퀴지션,Financial Services
BEAT,Heartbeam Inc,하트빔,Healthcare
GENK,GEN Restaurant Group Inc,젠 레스토랑 그룹,Consumer Cyclical
BRFH,Barfresh Food Group Inc,바프레시 푸드 그룹,Consumer Defensive
BWEN,Broadwind Inc,브로드윈드,Industrials
OFS,OFS Capital Corp,오에프에스 캐피털,Financial Services
ONEG,OneConstruction Group Ltd,원컨스트럭션 그룹,Industrials
COLA,Columbus Acquisition Corp,콜럼버스 애퀴지션,Financial Services
NDLS,Noodles & Co,누들스 앤드 컴퍼니,Consumer Cyclical
PTLE,PTL Ltd,피티엘,Consumer Cyclical
USEG,US Energy Corp,US 에너지,Energy
SCWO,374Water Inc,374워터,Industrials
DRIO,DarioHealth Corp,다리오헬스,Healthcare
AMPG,Amplitech Group Inc,앰플리테크 그룹,Technology
AAME,Atlantic American Corp,애틀랜틱 아메리칸,Financial Services
GLBS,Globus Maritime Ltd,글로버스 마리타임,Industrials
YHNA,YHN Acquisition I Ltd,와이에이치엔 애퀴지션 I,Financial Services
HMR,Heidmar Maritime Holdings Corp,하이드마르 마리타임 홀딩스,Industrials
ONMD,Onemednet Corp,원메드넷,Healthcare
CPIX,Cumberland Pharmaceuticals Inc,컴벌랜드 파마슈티컬스,Healthcare
BYFC,Broadway Financial Corp,브로드웨이 파이낸셜,Financial Services
TELO,Telomir Pharmaceuticals Inc,텔로미르 파마슈티컬스,Healthcare
LINK,Interlink Electronics Inc,인터링크 일렉트로닉스,Technology
LSTA,Lisata Therapeutics Inc,라이사타 테라퓨틱스,Healthcare
HOLO,MicroCloud Hologram Inc,마이크로클라우드 홀로그램,Technology
PXS,Pyxis Tankers Inc,픽시스 탱커스,Energy
FKWL,Franklin Wireless Corp,프랭클린 와이어리스,Technology
EHTH,eHealth Inc,이헬스,Financial Services
XHG,XChange TEC.INC ADR,엑스체인지 테크,Financial Services
MATH,Metalpha Technology Holding Ltd,메타알파 테크놀로지 홀딩,Financial Services
PFAI,Pinnacle Food Group Ltd,피너클 푸드 그룹,Consumer Defensive
ARAY,Accuray Inc,애큐레이,Healthcare
SORA,AsiaStrategy,아시아스트래티지,Consumer Cyclical
ALAR,Alarum Technologies Ltd ADR,알라럼 테크놀로지스,Technology
RNTX,Rein Therapeutics Inc,레인 테라퓨틱스,Healthcare
AVX,AVAX One Technology Ltd,에이백스 원 테크놀로지,Financial Services
XBP,XBP Global Holdings Inc,엑스비피 글로벌 홀딩스,Technology
MLGO,MicroAlgo Inc,마이크로알고,Technology
ABVE,Above Food Ingredients Inc,어보브 푸드 인그리디언츠,Consumer Defensive
BRAG,Bragg Gaming Group Inc,브래그 게이밍 그룹,Consumer Cyclical
ZYBT,Zhengye Biotechnology Holding Ltd,정예 바이오테크놀로지 홀딩스,Healthcare
MIRA,MIRA Pharmaceuticals Inc,미라 파마슈티컬스,Healthcare
GIBO,Gibo Holdings Ltd,기보 홀딩스,Communication Services
STI,Solidion Technology Inc,솔리디온 테크놀로지,Industrials
ACFN,Acorn Energy Inc,에이콘 에너지,Technology
SCYX,SCYNEXIS Inc,사이넥시스,Healthcare
RLYB,Rallybio Corp,랠리바이오,Healthcare
FRMM,Forum Markets  Inc,포럼 마켓츠,Technology
AACG,ATA Creativity Global ADR,ATA 크리에이티비티 글로벌,Consumer Defensive
CSTE,Caesarstone Ltd,시저스톤,Industrials
ELWT,Elauwit Connection Inc,엘라우잇 커넥션,Communication Services
UBXG,U-BX Technology Ltd,유비엑스 테크놀로지,Technology
CNTY,Century Casinos Inc,센추리 카지노스,Consumer Cyclical
NMTC,NeuroOne Medical Technologies Corp,뉴로원 메디컬 테크놀로지스,Healthcare
ATOS,Atossa Therapeutics Inc,아토사 테라퓨틱스,Healthcare
DCX,Digital Currency X Technology Inc,디지털 커런시 X 테크놀로지,Consumer Cyclical
JG,Aurora Mobile Ltd ADR,오로라 모바일,Technology
RMCO,Royalty Management Holding Corp,로열티 매니지먼트 홀딩,Financial Services
FOXX,Foxx Development Holdings Inc,폭스 디벨롭먼트 홀딩스,Technology
LIVE,Live Ventures Inc,라이브 벤처스,Consumer Cyclical
MAMO,Massimo Group,마시모 그룹,Consumer Cyclical
MRNO,Murano Global Investments Plc,무라노 글로벌 인베스트먼츠,Real Estate
TAOX,TAO Synergies Inc,타오 시너지스,Technology
LITS,Lite Strategy Inc,라이트 스트래티지,Healthcare
INCR,InterCure Ltd,인터큐어,Healthcare
POCI,Precision Optics Corporation Inc,프리시전 옵틱스,Healthcare
DTSQ,DT Cloud Star Acquisition Corp,DT 클라우드 스타 애퀴지션,Financial Services
NTWK,NetSol Technologies Inc,넷솔 테크놀로지스,Technology
MBBC,Marathon Bancorp Inc,마라톤 뱅코프,Financial Services
RNXT,RenovoRx Inc,레노보알엑스,Healthcare
SNSE,Sensei Biotherapeutics Inc,센세이 바이오테라퓨틱스,Healthcare
VIVO,VivoPower PLC,비보파워,Technology
VTSI,VirTra Inc,버트라,Technology
CELU,Celularity Inc,셀룰래리티,Healthcare
QETA,Quetta Acquisition Corp,케타 애퀴지션,Financial Services
ESHA,ESH Acquisition Corp,이에스에이치 애퀴지션,Financial Services
VERU,Veru Inc,베루,Healthcare
NXTC,NextCure Inc,넥스트큐어,Healthcare
TLPH,Talphera Inc,탈페라,Healthcare
WETO,Wetour Robotics Ltd,위투어 로보틱스,Technology
ASTI,Ascent Solar Technologies Inc,어센트 솔라 테크놀로지스,Technology
SKBL,Skyline Builders Group Holding Ltd,스카이라인 빌더스 그룹 홀딩스,Industrials
FTEK,Fuel Tech Inc,퓨얼 테크,Industrials
MLCI,Mount Logan Capital Inc,마운트 로건 캐피털,Financial Services
YYAI,AiRWA Inc,에어더블유에이,Technology
ATRA,Atara Biotherapeutics Inc,아타라 바이오테라퓨틱스,Healthcare
SPCB,Supercom Ltd,슈퍼콤,Industrials
OESX,Orion Energy Systems Inc,오리온 에너지 시스템즈,Industrials
CTSO,Cytosorbents Corp,사이토소번츠,Healthcare
GRML,Greenland Mines Ltd,그린랜드 마인스,Basic Materials
JRSH,Jerash Holdings (US) Inc,제라시 홀딩스 (US),Consumer Cyclical
IXHL,Incannex Healthcare Inc,인카넥스 헬스케어,Healthcare
SLGB,Smart Logistics Global Ltd,스마트 로지스틱스 글로벌,Industrials
NCEW,New Century Logistics (BVI) Ltd,뉴 센추리 로지스틱스 (BVI),Industrials
PHUN,Phunware Inc,펀웨어,Technology
GDHG,Golden Heaven Group Holdings Ltd,골든 헤븐 그룹 홀딩스,Consumer Cyclical
RCT,RedCloud Holdings PLC,레드클라우드 홀딩스,Technology
RMTI,Rockwell Medical Inc,록웰 메디컬,Healthcare
TOP,TOP Financial Group Ltd,탑 파이낸셜 그룹,Financial Services
AIOS,AIOS Tech Inc,아이오스 테크,Technology
ABVC,ABVC Biopharma Inc,에이비브이씨 바이오파마,Healthcare
KMRK,K-Tech Solutions Co Ltd,K-테크 솔루션스,Consumer Cyclical
NSYS,Nortech Systems Inc,노르텍 시스템즈,Healthcare
KFFB,Kentucky First Federal Bancorp,켄터키 퍼스트 페더럴 뱅코프,Financial Services
KWM,K Wave Media Ltd,케이웨이브 미디어,Communication Services
BCG,Binah Capital Group Inc,비나 캐피털 그룹,Financial Services
CULP,Culp Inc,컬프,Consumer Cyclical
PPSI,Pioneer Power Solutions Inc,파이오니어 파워 솔루션스,Industrials
FOFO,Hang Feng Technology Innovation Co Ltd,항펑 테크놀로지 이노베이션,Industrials
ENGS,Energys Group Ltd,에너지스 그룹,Industrials
NAMI,Jinxin Technology Holding Co ADR,진신 테크놀로지 홀딩,Communication Services
FNUC,Frontier Nuclear and Minerals Inc,프런티어 뉴클리어 앤 미네랄스,Basic Materials
KOSS,Koss Corp,코스,Technology
RAVE,Rave Restaurant Group Inc,레이브 레스토랑 그룹,Consumer Cyclical
CRVO,CervoMed Inc,세르보메드,Healthcare
STRR,Star Equity Holdings Inc,스타 에쿼티 홀딩스,Industrials
SMXT,SolarMax Technology Inc,솔라맥스 테크놀로지,Technology
GIFT,Giftify Inc,기프티파이,Communication Services
MOBX,MOBIX LABS  INC.,모빅스 랩스,Technology
BGL,Blue Gold Ltd,블루 골드,Basic Materials
HYPD,Hyperion DeFi Inc,하이페리온 디파이,Healthcare
KPLT,Katapult Holdings Inc,카타펄트 홀딩스,Technology
PXLW,Pixelworks Inc,픽셀웍스,Technology
WAVE,Eco Wave Power Global AB (publ) ADR,에코 웨이브 파워 글로벌,Utilities
PLUR,Pluri Inc,플루리,Healthcare
LGVN,Longeveron Inc,론제버론,Healthcare
RITR,Reitar Logtech Holdings Ltd,레이타 로그테크 홀딩스,Industrials
INMB,INmune Bio Inc,인뮨 바이오,Healthcare
IPWR,Ideal Power Inc,아이디얼 파워,Technology
TACT,TransAct Technologies Inc,트랜스액트 테크놀로지스,Technology
RAND,Rand Capital Corp,랜드 캐피털,Financial Services
ZEO,Zeo Energy Corp,제오 에너지,Technology
GOCO,Gohealth Inc,고헬스,Financial Services
OAKU,Oak Woods Acquisition Corp,오크우즈 애퀴지션,Financial Services
LPSN,LivePerson Inc,라이브퍼슨,Technology
POM,PomDoctor Ltd ADR,폼닥터,Healthcare
CLIR,ClearSign Technologies Corp,클리어사인 테크놀로지스,Industrials
BIOX,Bioceres Crop Solutions Corp,바이오세레스 크롭 솔루션스,Basic Materials
LIXT,Lixte Biotechnology Holdings Inc,릭스테 바이오테크놀로지 홀딩스,Healthcare
WPRT,Westport Fuel Systems Inc,웨스트포트 퓨얼 시스템즈,Consumer Cyclical
USIO,Usio Inc,유시오,Technology
ANGH,Anghami Inc,앙가미,Communication Services
BAYA,Bayview Acquisition Corp,베이뷰 애퀴지션,Financial Services
BOSC,BOS Better Online Solutions Ltd,BOS 베터 온라인 솔루션스,Technology
AIRE,reAlpha Tech Corp,리알파 테크,Real Estate
GROW,US Global Investors Inc,유에스 글로벌 인베스터스,Financial Services
JFU,9F Inc ADR,9F,Technology
REFR,Research Frontiers Inc,리서치 프런티어스,Technology
EKSO,Ekso Bionics Holdings Inc,엑소 바이오닉스 홀딩스,Healthcare
MDBH,MDB Capital Holdings LLC,MDB 캐피털 홀딩스,Financial Services
RDAC,Rising Dragon Acquisition Corp,라이징 드래곤 애퀴지션,Financial Services
BCTX,Briacell Therapeutics Corp,브리아셀 테라퓨틱스,Healthcare
ABLV,Able View Global Inc,에이블 뷰 글로벌,Consumer Cyclical
DYAI,Dyadic International Inc,다이애딕 인터내셔널,Healthcare
SWAG,Stran & Company Inc,스트란 앤 컴퍼니,Communication Services
EVAX,Evaxion A/S ADR,이백시온,Healthcare
BRLS,Borealis Foods Inc,보레알리스 푸즈,Consumer Defensive
RYET,Ruanyun Edai Technology Inc,루안윈 이다이 테크놀로지,Consumer Defensive
TELA,TELA Bio Inc,텔라 바이오,Healthcare
CGTL,Creative Global Technology Holdings Ltd,크리에이티브 글로벌 테크놀로지 홀딩스,Consumer Cyclical
UG,United-Guardian Inc,유나이티드 가디언,Consumer Defensive
TPCS,TechPrecision Corp,테크프리시전,Industrials
PC,Premium Catering Holdings Ltd,프리미엄 케이터링 홀딩스,Industrials
VNCE,Vince Holding Corp,빈스 홀딩,Consumer Cyclical
EPOW,E-Power Inc,이파워,Industrials
NEPH,Nephros Inc,네프로스,Healthcare
BTAI,BioXcel Therapeutics Inc,바이오엑셀 테라퓨틱스,Healthcare
ZDAI,DirectBooking Technology Co Ltd,다이렉트부킹 테크놀로지,Industrials
KTCC,Key Tronic Corp,키트로닉,Technology
ATCX,Atlas Critical Minerals Corp,아틀라스 크리티컬 미네랄스,Unknown
YSXT,YSX Tech Co Ltd,와이에스엑스 테크,Industrials
CRWS,Crown Crafts Inc,크라운 크래프츠,Consumer Cyclical
AHMA,Ambitions Enterprise Management Co LLC,앰비션스 엔터프라이즈 매니지먼트,Consumer Cyclical
STKE,Sol Strategies Inc,솔 스트래티지스,Financial Services
FATN,FatPipe Inc,팻파이프,Technology
DXLG,Destination XL Group Inc,데스티네이션 XL 그룹,Consumer Cyclical
AIFF,Firefly Neuroscience Inc,파이어플라이 뉴로사이언스,Technology
VEEA,Veea Inc,비아,Technology
KYNB,Kyntra Bio Inc,킨트라 바이오,Healthcare
SUUN,PowerBank Corp,파워뱅크,Utilities
OMH,Ohmyhome Ltd,오마이홈,Real Estate
FGNX,FG Nexus Inc,FG 넥서스,Financial Services
AYTU,Aytu Biopharma Inc,아이투 바이오파마,Healthcare
UFG,Uni-Fuels Holdings Ltd,유니퓨얼스 홀딩스,Industrials
FARM,Farmer Bros Co,파머 브로스,Consumer Defensive
PMEC,Primech Holdings Ltd,프라이멕 홀딩스,Industrials
LASE,Laser Photonics Corp,레이저 포토닉스,Industrials
AWRE,Aware Inc,어웨어,Technology
CVV,CVD Equipment Corp,CVD 이큅먼트,Industrials
SAGT,Sagtec Global Ltd,새그텍 글로벌,Technology
BAFN,Bayfirst Financial Corp,베이퍼스트 파이낸셜,Financial Services
JXG,JX Luxventure Group Inc,JX 럭스벤처 그룹,Consumer Cyclical
BEEM,Beam Global,빔 글로벌,Technology
NRSN,Neurosense Therapeutics Ltd,뉴로센스 테라퓨틱스,Healthcare
ICCM,Icecure Medical Ltd,아이스큐어 메디컬,Healthcare
SNTI,Senti Biosciences  Inc,센티 바이오사이언시스,Healthcare
TVRD,Tvardi Therapeutics Inc,트바르디 테라퓨틱스,Healthcare
SDST,Stardust Power Inc,스타더스트 파워,Industrials
LVLU,Lulu's Fashion Lounge Holdings Inc,룰루스 패션 라운지 홀딩스,Consumer Cyclical
FMST,Foremost Clean Energy Ltd,포어모스트 클린 에너지,Basic Materials
NAAS,NaaS Technology Inc ADR,나스 테크놀로지,Consumer Cyclical
RCON,Recon Technology Ltd,리콘 테크놀로지,Energy
CPOP,Pop Culture Group Co Ltd,팝 컬처 그룹,Communication Services
BTM,Bitcoin Depot Inc,비트코인 디포,Financial Services
AGPU,Axe Compute Inc,액스 컴퓨트,Technology
PASG,Passage Bio Inc,패시지 바이오,Healthcare
CLPS,CLPS Inc,씨엘피에스,Technology
AIXI,Xiao-I Corp ADR,샤오아이,Technology
ADGM,Adagio Medical Holdings Inc,아다지오 메디컬 홀딩스,Healthcare
WYHG,Wing Yip Food Holdings Group Ltd ADR,윙입 푸드 홀딩스 그룹,Consumer Defensive
OBAI,Our Bond  Inc,아워본드,Technology
JL,J-Long Group Ltd,제이롱 그룹,Consumer Cyclical
WKHS,Workhorse Group Inc,워크호스 그룹,Consumer Cyclical
EZGO,EZGO Technologies Ltd,이지고 테크놀로지스,Consumer Cyclical
DARE,Dare Bioscience Inc,데어 바이오사이언스,Healthcare
ASPC,A SPAC III Acquisition Corp,A 스팩 III 애퀴지션,Financial Services
BOLD,Boundless Bio Inc,바운드리스 바이오,Healthcare
LSH,Lakeside Holdings Ltd,레이크사이드 홀딩스,Industrials
VBIX,Viewbix Inc,뷰빅스,Communication Services
SNBR,Sleep Number Corp,슬립넘버,Consumer Cyclical
AIXC,Aixcrypto Holdings Inc,에이엑스크립토 홀딩스,Technology
ZBAO,Zhibao Technology Inc,즈바오 테크놀로지,Financial Services
LFWD,Lifeward Ltd,라이프워드,Healthcare
ATHR,Aether Holdings Inc,이더 홀딩스,Technology
RYOJ,rYojbaba Co Ltd,요지바바,Industrials
GAME,GameSquare Holdings Inc,게임스퀘어 홀딩스,Communication Services
NEUP,Neuphoria Therapeutics Inc,뉴포리아 테라퓨틱스,Healthcare
MKDW,MKDWELL Tech Inc,엠케이디웰 테크,Consumer Cyclical
LEXX,Lexaria Bioscience Corp,렉사리아 바이오사이언스,Healthcare
ARKR,Ark Restaurants Corp,아크 레스토랑즈,Consumer Cyclical
PSHG,Performance Shipping Inc,퍼포먼스 쉬핑,Industrials
XCUR,Exicure Inc,엑시큐어,Healthcare
RPGL,Republic Power Group Ltd,리퍼블릭 파워 그룹,Technology
FUSE,Fusemachines Inc,퓨즈머신스,Technology
JVA,Coffee Holding Co Inc,커피 홀딩,Consumer Defensive
MODD,Modular Medical Inc,모듈러 메디컬,Healthcare
CYAB,Cyabra Inc,사이아브라,Technology
YXT,YXT.Com Group Holding Ltd ADR,YXT닷컴 그룹 홀딩,Technology
MAXN,Maxeon Solar Technologies Ltd,맥시온 솔라 테크놀로지스,Technology
HBIO,Harvard Bioscience Inc,하버드 바이오사이언스,Healthcare
BLIV,BeLive Holdings,비라이브 홀딩스,Technology
ORIO,Orion Digital Corp,오리온 디지털,Technology
SKYQ,Sky Quarry Inc,스카이 쿼리,Energy
JYD,Jayud Global Logistics Ltd,제이유드 글로벌 로지스틱스,Industrials
FEMY,Femasys Inc,페마시스,Healthcare
FLUX,Flux Power Holdings Inc,플럭스 파워 홀딩스,Industrials
NEON,Neonode Inc,네오노드,Technology
AERT,Aeries Technology Inc,에어리스 테크놀로지,Industrials
SMX,SMX (Security Matters) PLC,SMX(시큐리티 매터스),Industrials
SKYE,Skye Bioscience Inc,스카이 바이오사이언스,Healthcare
NHTC,Natural Health Trends Corp,내추럴 헬스 트렌즈,Consumer Cyclical
TXMD,TherapeuticsMD Inc,테라퓨틱스MD,Healthcare
QRHC,Quest Resource Holding Corp,퀘스트 리소스 홀딩,Industrials
BZFD,BuzzFeed Inc,버즈피드,Communication Services
MRKR,Marker Therapeutics Inc,마커 테라퓨틱스,Healthcare
RDI,Reading International Inc Class A,리딩 인터내셔널,Communication Services
DFLI,Dragonfly Energy Holdings Corp,드래곤플라이 에너지 홀딩스,Industrials
GRNQ,GreenPro Capital Corp,그린프로 캐피털,Industrials
FTHM,Fathom Holdings Inc,패덤 홀딩스,Real Estate
PLSM,Pulsenmore Ltd,펄슨모어,Healthcare
RAIN,Rain Enhancement Technologies Holdco Inc,레인 인핸스먼트 테크놀로지스 홀드코,Industrials
GRAN,Grande Group Ltd,그란데 그룹,Financial Services
MSGM,Motorsport Games Inc,모터스포트 게임즈,Communication Services
TPST,Tempest Therapeutics Inc,템페스트 테라퓨틱스,Healthcare
ICMB,Investcorp Credit Management BDC Inc,인베스트코프 크레딧 매니지먼트 BDC,Financial Services
CYN,CYNGN Inc,사이엔진,Technology
OTLK,Outlook Therapeutics Inc,아웃룩 테라퓨틱스,Healthcare
EVTV,Envirotech Vehicles Inc,엔바이로테크 비히클스,Consumer Cyclical
BRNS,Barinthus Biotherapeutics PLC ADR,바린서스 바이오테라퓨틱스,Healthcare
MNDO,Mind CTI Ltd,마인드 CTI,Technology
CRIS,Curis Inc,큐리스,Healthcare
BIRD,Allbirds Inc,올버즈,Consumer Cyclical
STAK,STAK Inc,스택,Energy
UTSI,UTStarcom Holdings Corp,유티스타콤 홀딩스,Technology
ELWS,Earlyworks Co Ltd ADR,얼리웍스,Unknown
YHC,LQR House Inc,엘큐알 하우스,Consumer Defensive
BMR,Beamr Imaging Ltd,비머 이미징,Technology
SELX,Semilux International Ltd,세미럭스 인터내셔널,Technology
VTGN,Vistagen Therapeutics Inc,비스타젠 테라퓨틱스,Healthcare
PRHI,Presurance Holdings Inc,프리슈어런스 홀딩스,Financial Services
TRSG,Tungray Technologies Inc,턴그레이 테크놀로지스,Industrials
DAIO,Data I/O Corp,데이터 아이오,Technology
SNAL,Snail Inc,스네일,Communication Services
TVGN,Tevogen Bio Holdings Inc,테보젠 바이오 홀딩스,Healthcare
XOS,Xos Inc,엑소스,Industrials
EHLD,Euroholdings Ltd,유로홀딩스,Industrials
RMCF,Rocky Mountain Chocolate Factory Inc (Delaware),록키 마운틴 초콜릿 팩토리,Consumer Defensive
REE,REE Automotive Ltd,리 오토모티브,Consumer Cyclical
COCP,Cocrystal Pharma Inc,코크리스털 파마,Healthcare
ARAI,Arrive AI Inc,어라이브 AI,Technology
CHAI,Core AI Holdings Inc,코어 AI 홀딩스,Communication Services
PSTV,Plus Therapeutics Inc,플러스 테라퓨틱스,Healthcare
DOGZ,Dogness International Corp,도그니스 인터내셔널,Consumer Cyclical
AIDX,20/20 Biolabs Inc,20/20 바이오랩스,Healthcare
CDT,CDT Equity Inc,CDT 에쿼티,Healthcare
YMT,Yimutian Inc ADR,이무톈,Technology
KTTA,Pasithea Therapeutics Corp,파시테아 테라퓨틱스,Healthcare
LTRN,Lantern Pharma Inc,랜턴 파마,Healthcare
LHAI,Linkhome Holdings Inc,링크홈 홀딩스,Real Estate
UPLD,Upland Software Inc,업랜드 소프트웨어,Technology
VYNE,Vyne Therapeutics Inc,바인 테라퓨틱스,Healthcare
ACCL,Acco Group Holdings Ltd,아코 그룹 홀딩스,Industrials
NIXX,Nixxy Inc,닉시,Industrials
THH,TryHard Holdings Ltd,트라이하드 홀딩스,Industrials
BNKK,Bonk Inc,봉크,Financial Services
DLPN,Dolphin Entertainment Inc,돌핀 엔터테인먼트,Communication Services
SPPL,Simpple Ltd,심플,Industrials
RVSN,Rail Vision Ltd,레일 비전,Industrials
TLF,Tandy Leather Factory Inc,탠디 레더 팩토리,Consumer Cyclical
EPSM,Epsium Enterprise Ltd,엡시엄 엔터프라이즈,Consumer Defensive
MSAI,MultiSensor AI Holdings Inc,멀티센서 AI 홀딩스,Technology
WIMI,WiMi Hologram Cloud Inc,위미 홀로그램 클라우드,Communication Services
JSPR,Jasper Therapeutics Inc,재스퍼 테라퓨틱스,Healthcare
LGCB,Linkage Global Inc,링키지 글로벌,Consumer Cyclical
USEA,United Maritime Corp,유나이티드 마리타임,Industrials
PRZO,Parazero Technologies Ltd,파라제로 테크놀로지스,Industrials
HHS,Harte Hanks Inc,하트 행크스,Industrials
SMSI,Smith Micro Software Inc,스미스 마이크로 소프트웨어,Technology
MNTS,Momentus Inc,모멘터스,Industrials
UONEK,Urban One Inc Class D,어반 원,Communication Services
BIAF,bioAffinity Technologies Inc,바이오어피니티 테크놀로지스,Healthcare
AUID,Authid Inc,오스아이디,Technology
CUE,Cue Biopharma Inc,큐 바이오파마,Healthcare
ALLR,Allarity Therapeutics Inc,알라리티 테라퓨틱스,Healthcare
PIII,P3 Health Partners Inc,P3 헬스 파트너스,Healthcare
IINN,Inspira Technologies Oxy BHN Ltd,인스피라 테크놀로지스 옥시 BHN,Healthcare
PLRZ,Polyrizon Ltd,폴리리존,Healthcare
COOT,Australian Oilseeds Holdings Ltd,오스트레일리안 오일시즈 홀딩스,Consumer Defensive
AMOD,Alpha Modus Holdings Inc,알파 모더스 홀딩스,Technology
EUDA,EUDA Health Holdings Ltd,유다 헬스 홀딩스,Real Estate
IRIX,IRIDEX Corp,아이리덱스,Healthcare
MDCX,Medicus Pharma Ltd,메디커스 파마,Healthcare
RECT,Rectitude Holdings Ltd,렉티튜드 홀딩스,Consumer Cyclical
CTXR,Citius Pharmaceuticals Inc,시티우스 파마슈티컬스,Healthcare
GYRO,Gyrodyne LLC,자이로다인,Real Estate
WETH,Wetouch Technology Inc,위터치 테크놀로지,Technology
SVRN,Oceanpal Inc,오션팔,Industrials
CTRM,Castor Maritime Inc,캐스터 마리타임,Industrials
GREE,Greenidge Generation Holdings Inc,그리니지 제너레이션 홀딩스,Financial Services
BANL,CBL International Ltd,CBL 인터내셔널,Energy
HUDI,Huadi International Group Co.  Ltd.,화디 인터내셔널 그룹,Basic Materials
GTEC,Greenland Technologies Holding Corp,그린랜드 테크놀로지스 홀딩스,Consumer Cyclical
LIQT,LiqTech International Inc,릭테크 인터내셔널,Industrials
LRE,Lead Real Estate Co Ltd ADR,리드 리얼에스테이트,Real Estate
SURG,Surgepays Inc,서지페이즈,Communication Services
CMCT,Creative Media & Community Trust Corporation,크리에이티브 미디어 앤 커뮤니티 트러스트,Real Estate
AIIO,Robo.ai Inc,로보 AI,Consumer Cyclical
ICU,SeaStar Medical Holding Corp,씨스타 메디컬 홀딩스,Healthcare
NAII,Natural Alternatives International Inc,내추럴 얼터너티브스 인터내셔널,Consumer Defensive
EDTK,Skillful Craftsman Education Technology Ltd,스킬풀 크래프츠맨 에듀케이션 테크놀로지,Consumer Defensive
INTZ,Intrusion Inc,인트루전,Technology
RDIB,Reading International Inc Class B,리딩 인터내셔널,Communication Services
IPM,Intelligent Protection Management Corp,인텔리전트 프로텍션 매니지먼트,Technology
GNTA,Genenta Science SPA ADR,제넨타 사이언스,Healthcare
FAMI,Farmmi Inc,파미,Consumer Defensive
DFNS,T3 Defense Inc,T3 디펜스,Industrials
OSRH,OSR Holdings Inc,OSR 홀딩스,Healthcare
LAZR,Luminar Technologies Inc,루미나 테크놀로지스,Unknown
ADAP,Adaptimmune Therapeutics PLC ADR,어댑트이뮨 테라퓨틱스,Unknown
MDRR,Medalist Diversified  Inc,메달리스트 다이버시파이드,Real Estate
APLM,Apollomics Inc,아폴로믹스,Healthcare
SEED,Origin Agritech Ltd,오리진 아그리테크,Basic Materials
GIGM,GigaMedia Ltd,기가미디어,Communication Services
RBNE,Robin Energy Ltd,로빈 에너지,Energy
ZJYL,Jin Medical International Ltd,진 메디컬 인터내셔널,Healthcare
MIGI,Mawson Infrastructure Group Inc,모슨 인프라스트럭처 그룹,Financial Services
YQ,17 Education & Technology Group Inc ADR,17 에듀케이션 앤 테크놀로지 그룹,Consumer Defensive
HUIZ,Huize Holding Ltd ADR,후이즈 홀딩스,Financial Services
MGIH,Millennium Group International Holdings Ltd,밀레니엄 그룹 인터내셔널 홀딩스,Consumer Cyclical
RIME,Algorhythm Holdings Inc,알고리듬 홀딩스,Technology
JF,J and Friends Holdings Ltd ADR,J 앤 프렌즈 홀딩스,Financial Services
ELSE,Electro-Sensors Inc,일렉트로 센서스,Technology
WGRX,Wellgistics Health Inc,웰지스틱스 헬스,Healthcare
QNTM,Quantum Biopharma Ltd,퀀텀 바이오파마,Healthcare
CISO,CISO Global Inc,CISO 글로벌,Technology
CYCN,Cyclerion Therapeutics Inc,사이클레리온 테라퓨틱스,Healthcare
HIND,Vyome Holdings Inc,바이옴 홀딩스,Healthcare
REBN,Reborn Coffee Inc,리본 커피,Consumer Cyclical
INTJ,Intelligent Group Ltd,인텔리전트 그룹,Industrials
LPCN,Lipocine Inc,리포사인,Healthcare
BFRG,Bullfrog AI Holdings Inc,불프로그 AI 홀딩스,Healthcare
ZGM,Zenta Group Co Ltd,젠타 그룹,Industrials
MWYN,Marwynn Holdings Inc,마윈 홀딩스,Consumer Cyclical
QCLS,Q/C Technologies Inc,Q/C 테크놀로지스,Technology
CABR,Caring Brands Inc,케어링 브랜즈,Healthcare
DBGI,Digital Brands Group Inc,디지털 브랜즈 그룹,Consumer Cyclical
PHIO,Phio Pharmaceuticals Corp,피오 파마슈티컬스,Healthcare
UGRO,urban-gro Inc,어반그로,Industrials
BTOC,Armlogi Holding Corp,암로지 홀딩,Industrials
INAB,IN8bio Inc,인에이트바이오,Healthcare
MSW,Ming Shing Group Holdings Ltd,밍싱 그룹 홀딩스,Industrials
CSAI,Cloudastructure Inc,클라우드아스트럭처,Technology
PDC,Perpetuals.com Ltd ADR,퍼페추얼스닷컴,Technology
SGRP,SPAR Group Inc,스파 그룹,Industrials
MOVE,Corvex  Inc,코벡스,Technology
NWGL,CL Workshop Group Ltd ADR,CL 워크숍 그룹,Basic Materials
TDTH,Trident Digital Tech Holdings Ltd ADR,트라이던트 디지털 테크 홀딩스,Technology
KITT,Nauticus Robotics Inc,노티커스 로보틱스,Industrials
WVVI,Willamette Valley Vineyards Inc,윌래밋 밸리 빈야즈,Consumer Defensive
IDAI,T Stamp Inc,T 스탬프,Technology
CCHH,CCH Holdings Ltd,CCH 홀딩스,Consumer Cyclical
VVOS,Vivos Therapeutics Inc,비보스 테라퓨틱스,Healthcare
INTS,Intensity Therapeutics Inc,인텐시티 테라퓨틱스,Healthcare
MTEK,Maris Tech Ltd,마리스 테크,Technology
SWVL,Swvl Holdings Corp,스위블 홀딩스,Industrials
SCNX,Scienture Holdings Inc,사이언처 홀딩스,Healthcare
GAUZ,Gauzy Ltd,고지,Technology
GXAI,Gaxos.ai Inc.,객소스 AI,Communication Services
GTBP,GT Biopharma Inc,GT 바이오파마,Healthcare
NXPL,NextPlat Corp,넥스트플랫,Technology
BCDA,BioCardia Inc,바이오카디아,Healthcare
CETX,Cemtrex Inc,셈트렉스,Technology
BNGO,Bionano Genomics Inc,바이오나노 지노믹스,Healthcare
CUPR,Cuprina Holdings (Cayman) Ltd,쿠프리나 홀딩스(케이맨),Healthcare
MBRX,Moleculin Biotech Inc,모레큘린 바이오테크,Healthcare
EFOI,Energy Focus Inc,에너지 포커스,Consumer Cyclical
TRAW,Traws Pharma Inc,트로스 파마,Healthcare
GTIM,Good Times Restaurants Inc,굿 타임스 레스토랑즈,Consumer Cyclical
CAPT,Captivision Inc,캡티비전,Basic Materials
JUNS,Jupiter Neurosciences Inc,주피터 뉴로사이언시스,Healthcare
PN,Skycorp Solar Group Ltd,스카이코프 솔라 그룹,Technology
AQMS,Aqua Metals Inc,아쿠아 메탈스,Industrials
TJGC,TJGC Group Ltd,TJGC 그룹,Communication Services
PRSO,Peraso Inc,페라소,Technology
FEBO,Fenbo Holdings Ltd,펜보 홀딩스,Technology
HCAI,Huachen AI Parking Management Technology Holding Co Ltd,화천 AI 파킹 매니지먼트 테크놀로지 홀딩스,Industrials
GNPX,Genprex Inc,젠프렉스,Healthcare
IMNN,Imunon Inc,이뮤논,Healthcare
CURX,Curanex Pharmaceuticals Inc,큐라넥스 파마슈티컬스,Healthcare
GLXG,Galaxy Payroll Group Ltd,갤럭시 페이롤 그룹,Industrials
HKPD,Cellyan Biotechnology Co Ltd,셀리안 바이오테크놀로지,Healthcare
CMMB,Chemomab Therapeutics Ltd ADR,케모맙 테라퓨틱스,Healthcare
PETZ,TDH Holdings Inc,TDH 홀딩스,Consumer Cyclical
LESL,Leslie's Inc,레슬리스,Consumer Cyclical
BTBD,Bt Brands Inc,BT 브랜즈,Consumer Cyclical
GDTC,CytoMed Therapeutics Ltd,사이토메드 테라퓨틱스,Healthcare
MBAI,Check Cap Ltd,체크캡,Healthcare
MTEX,Mannatech Inc,만나테크,Consumer Defensive
SNGX,Soligenix Inc,솔리제닉스,Healthcare
ZSTK,Zerostack Corp,제로스택,Financial Services
BTTC,Black Titan Corp,블랙 타이탄,Unknown
ORGN,Origin Materials Inc,오리진 머티리얼즈,Basic Materials
TOMZ,TOMI Environmental Solutions Inc,토미 인바이런멘털 솔루션스,Industrials
IPDN,Professional Diversity Network Inc,프로페셔널 다이버시티 네트워크,Industrials
CLRB,Cellectar Biosciences Inc,셀렉타 바이오사이언시스,Healthcare
TAOP,Taoping Inc,타오핑,Technology
DSY,Big Tree Cloud Holdings Ltd,빅 트리 클라우드 홀딩스,Consumer Defensive
BFRI,Biofrontera Inc,바이오프론테라,Healthcare
QNRX,Quoin Pharmaceuticals Ltd ADR,코인 파마슈티컬스,Healthcare
TRIB,Trinity Biotech PLC ADR,트리니티 바이오테크,Healthcare
EBON,Ebang International Holdings Inc,이방 인터내셔널 홀딩스,Technology
CHEK,Check Cap Ltd,체크캡,Unknown
TURB,Turbo Energy SA ADR,터보 에너지,Technology
JZ,Jianzhi Education Technology Group Co Ltd ADR,젠즈 에듀케이션 테크놀로지 그룹,Technology
EDUC,Educational Development Corp,에듀케이셔널 디벨롭먼트,Communication Services
BMGL,Basel Medical Group Ltd,바젤 메디컬 그룹,Healthcare
EEIQ,EpicQuest Education Group International Ltd,에픽퀘스트 에듀케이션 그룹 인터내셔널,Consumer Defensive
JBDI,JBDI Holdings Ltd,JBDI 홀딩스,Consumer Cyclical
COSM,Cosmos Health Inc,코스모스 헬스,Healthcare
ETS,Elite Express Holding Inc,엘리트 익스프레스 홀딩,Industrials
WKSP,Worksport Ltd,워크스포트,Consumer Cyclical
NTCL,NetClass Technology Inc,넷클래스 테크놀로지,Technology
TBH,Brag House Holdings Inc,브래그 하우스 홀딩스,Communication Services
VSEE,Vsee Health Inc,브이시 헬스,Healthcare
ARTW,Art's Way Manufacturing Co Inc,아츠 웨이 매뉴팩처링,Industrials
GGRP,Glimpse Group Inc,글림스 그룹,Technology
SINT,SINTX Technologies Inc,신텍스 테크놀로지스,Healthcare
YAAS,Youxin Technology Ltd,유신 테크놀로지,Technology
VRME,VerifyMe Inc,베리파이미,Industrials
CENN,Cenntro Inc (The Corporation),센트로,Consumer Cyclical
BIVI,BioVie Inc,바이오비,Healthcare
AGAE,Allied Gaming & Entertainment Inc,얼라이드 게이밍 앤 엔터테인먼트,Communication Services
CVKD,Cadrenal Therapeutics Inc,캐드레널 테라퓨틱스,Healthcare
BLIN,Bridgeline Digital Inc,브리지라인 디지털,Technology
ELOG,Eastern International Ltd,이스턴 인터내셔널,Industrials
AIMD,Ainos Inc,아이노스,Technology
HOTH,Hoth Therapeutics Inc,호스 테라퓨틱스,Healthcare
GTI,Graphjet Technology,그래프젯 테크놀로지,Unknown
NCI,Neo-Concept International Group Holdings Ltd,네오콘셉트 인터내셔널 그룹 홀딩스,Consumer Cyclical
BTCT,BTC Digital Ltd,비티씨 디지털,Technology
PCLA,Picocela Inc ADR,피코셀라,Communication Services
BNZI,Banzai International Inc,반자이 인터내셔널,Technology
XWEL,XWELL Inc,엑스웰,Healthcare
OST,Ostin Technology Group Co Ltd,오스틴 테크놀로지 그룹,Technology
SFHG,Samfine Creation Holdings Group Ltd,샘파인 크리에이션 홀딩스 그룹,Industrials
NVNI,Nvni Group Ltd,엔브이엔아이 그룹,Technology
CALC,CalciMedica Inc,칼시메디카,Healthcare
LEDS,SemiLEDs Corp,세미엘이디에스,Technology
RVPH,Reviva Pharmaceuticals Holdings Inc,리바이바 파마슈티컬스 홀딩스,Healthcare
CETY,Clean Energy Technologies Inc,클린 에너지 테크놀로지스,Industrials
RAY,Raytech Holding Ltd,레이테크 홀딩,Consumer Defensive
BLRX,BioLine RX Ltd ADR,바이오라인 RX,Healthcare
TKLF,Tokyo Lifestyle Co Ltd ADR,도쿄 라이프스타일,Consumer Cyclical
LHSW,Lianhe Sowell International Group Ltd,리안허 소웰 인터내셔널 그룹,Technology
AGRZ,Agroz Inc,아그로즈,Consumer Defensive
LNAI,Lunai Bioworks Inc,루나이 바이오웍스,Healthcare
NCEL,NewcelX AG,뉴셀엑스,Healthcare
DLXY,Delixy Holdings Ltd,델릭시 홀딩스,Energy
DTSS,Datasea Inc,데이터시,Technology
GITS,Global Interactive Technologies Inc,글로벌 인터랙티브 테크놀로지스,Communication Services
CLWT,Euro Tech Holdings Company Ltd,유로 테크 홀딩스,Industrials
BOLT,Bolt Biotherapeutics Inc,볼트 바이오테라퓨틱스,Healthcare
QNCX,Quince Therapeutics Inc,퀸스 테라퓨틱스,Healthcare
GFAI,Guardforce AI Co Ltd,가드포스 AI,Industrials
ASNS,Actelis Networks Inc,액텔리스 네트웍스,Technology
ADVB,Advanced Biomed Inc,어드밴스드 바이오메드,Healthcare
MRM,Medirom Healthcare Technologies Inc ADR,메디롬 헬스케어 테크놀로지스,Consumer Cyclical
CXAI,CXApp Inc,씨엑스앱,Technology
CLRO,Clearone Inc,클리어원,Technology
ACXP,Acurx Pharmaceuticals Inc,어큐럭스 파마슈티컬스,Healthcare
FTRK,Fast Track Entertainment,패스트트랙 엔터테인먼트,Communication Services
SNES,Senestech Inc,세네스테크,Basic Materials
SSM,Sono Group NV,소노 그룹,Consumer Cyclical
MGN,Megan Holdings Ltd,메건 홀딩스,Industrials
NOTV,Inotiv Inc,아이노티브,Healthcare
XELB,Xcel Brands Inc,엑셀 브랜즈,Consumer Cyclical
HTOO,Fusion Fuel Green PLC,퓨전 퓨얼 그린,Utilities
KPRX,Kiora Pharmaceuticals Inc,키오라 파마슈티컬스,Healthcare
NCNA,NuCana PLC ADR,누카나,Healthcare
TGHL,Growhub Ltd,그로우허브,Technology
TNON,Tenon Medical Inc,테논 메디컬,Healthcare
IOTR,iOThree Ltd,아이오쓰리,Communication Services
FBGL,FBS Global Ltd,에프비에스 글로벌,Industrials
WCT,Wellchange Holdings Co Ltd,웰체인지 홀딩스,Technology
IQST,iQSTEL Inc,아이큐스텔,Communication Services
RETO,ReTo Eco-Solutions Inc,리토 에코솔루션스,Basic Materials
DTST,Data Storage Corp,데이터 스토리지,Technology
CELZ,Creative Medical Technology Holdings Inc,크리에이티브 메디컬 테크놀로지 홀딩스,Healthcare
LCFY,Locafy Ltd,로카파이,Communication Services
GURE,Gulf Resources Inc,걸프 리소시스,Basic Materials
INEO,INNEOVA Holdings Ltd,이네오바 홀딩스,Consumer Cyclical
BON,Bon Natural Life Ltd,본 내추럴 라이프,Basic Materials
APRE,Aprea Therapeutics Inc,아프레아 테라퓨틱스,Healthcare
ACON,Aclarion Inc,아클라리온,Healthcare
LOBO,Lobo Technologies Ltd,로보 테크놀로지스,Consumer Cyclical
AMST,Amesite Inc,에임사이트,Technology
RNAZ,Transcode Therapeutics Inc,트랜스코드 테라퓨틱스,Healthcare
ADN,Advent Technologies Holdings Inc,어드벤트 테크놀로지스 홀딩스,Unknown
FGI,FGI Industries Ltd,FGI 인더스트리스,Consumer Cyclical
MLEC,Moolec Science SA,무렉 사이언스,Healthcare
AZI,Autozi Internet Technology (Global) Ltd,오토지 인터넷 테크놀로지 글로벌,Consumer Cyclical
HWH,HWH International Inc,HWH 인터내셔널,Consumer Cyclical
YHGJ,Yunhong Green CTI Ltd,윤홍 그린 CTI,Consumer Cyclical
SCKT,Socket Mobile Inc,소켓 모바일,Technology
OFAL,OFA Group,OFA 그룹,Industrials
BCAB,Bioatla Inc,바이오아틀라,Healthcare
YJ,Yunji Inc ADR,윈지,Consumer Cyclical
PCSA,Processa Pharmaceuticals Inc,프로세사 파마슈티컬스,Healthcare
IFBD,Infobird Co Ltd,인포버드,Technology
SNYR,Synergy CHC Corp,시너지 CHC,Healthcare
ILAG,Intelligent Living Application Group Inc,인텔리전트 리빙 애플리케이션 그룹,Industrials
NXL,Nexalin Technology Inc,넥살린 테크놀로지,Healthcare
CREG,Smart Powerr Corp,스마트 파워,Utilities
FTFT,Future Fintech Group Inc,퓨처 핀테크 그룹,Technology
SILO,Silo Pharma Inc,사일로 파마,Healthcare
ZCMD,Zhongchao Inc,중차오,Healthcare
XAIR,Beyond Air Inc,비욘드 에어,Healthcare
EHGO,Eshallgo Inc,이샬고,Industrials
XBIO,Xenetic Biosciences Inc,제네틱 바이오사이언시스,Healthcare
PMCB,PharmaCyte Biotech Inc,파마사이트 바이오테크,Healthcare
ATON,AlphaTON Capital Corp,알파톤 캐피털,Financial Services
HXHX,Haoxin Holdings Ltd,하오신 홀딩스,Industrials
GRDX,GridAI Technologies Corp,그리드AI 테크놀로지스,Healthcare
CJMB,Callan Jmb Inc,캘런 JMB,Industrials
DKI,DarkIris Inc,다크아이리스,Communication Services
SEGG,Sports Entertainment Gaming Global Corp,스포츠 엔터테인먼트 게이밍 글로벌,Consumer Cyclical
ATER,Aterian Inc,아테리안,Consumer Cyclical
FMFC,Kandal M Venture Ltd,칸달 M 벤처,Consumer Cyclical
TULP,Bloomia Holdings  Inc,블루미아 홀딩스,Communication Services
TLIH,Ten-League International Holdings Ltd,텐리그 인터내셔널 홀딩스,Industrials
ARBB,ARB IOT Group Ltd,ARB IOT 그룹,Technology
SUGP,SU Group Holdings Ltd,SU 그룹 홀딩스,Industrials
EVGN,Evogene Ltd,에보진,Healthcare
KRKR,36Kr Holdings Inc ADR,36Kr 홀딩스,Communication Services
GELS,Gelteq Ltd,젤텍,Healthcare
CYCU,Cycurion Inc,사이큐리온,Technology
MKZR,Mackenzie Realty Capital Inc,맥켄지 리얼티 캐피털,Real Estate
HSCS,HeartSciences Inc,하트사이언시스,Healthcare
APM,Aptorum Group Ltd,앱토럼 그룹,Healthcare
ASTC,Astrotech Corp,아스트로테크,Technology
TCRT,Alaunos Therapeutics Inc,알라우노스 테라퓨틱스,Healthcare
NWTG,Newton Golf Company Inc,뉴턴 골프 컴퍼니,Consumer Cyclical
RVYL,Ryvyl Inc,라이빌,Technology
WAFU,Wah Fu Education Group Ltd,와푸 에듀케이션 그룹,Consumer Defensive
GLE,Global Engine Group Holding Ltd,글로벌 엔진 그룹 홀딩,Technology
CWD,CaliberCos Inc,캘리버코스,Financial Services
LUCY,Innovative Eyewear Inc,이노베이티브 아이웨어,Healthcare
XPON,Expion360 Inc,익스피온360,Industrials
NVNO,enVVeno Medical Corp,엔비베노 메디컬,Healthcare
RENX,RenX Enterprises Corp,렌엑스 엔터프라이즈,Real Estate
ELAB,PMGC Holdings Inc,PMGC 홀딩스,Healthcare
WFF,WF Holding Ltd,WF 홀딩,Industrials
NDRA,ENDRA Life Sciences Inc,엔드라 라이프 사이언시스,Healthcare
MYSE,Myseum Inc,마이지엄,Technology
BMRA,Biomerica Inc,바이오메리카,Healthcare
IMRN,Immuron Ltd ADR,이뮤론,Healthcare
TDIC,Dreamland Ltd,드림랜드,Communication Services
JCSE,JE Cleantech Holdings Ltd,JE 클린테크 홀딩스,Industrials
FBLG,Fibrobiologics Inc,파이브로바이올로직스,Healthcare
GVH,Globavend Holdings Ltd,글로바벤드 홀딩스,Industrials
MSGY,Masonglory Ltd,마송글로리,Industrials
UONE,Urban One Inc Class A,어반 원,Communication Services
BRTX,BioRestorative Therapies Inc,바이오레스토러티브 테라피스,Healthcare
TGL,Treasure Global Inc,트레저 글로벌,Technology
MIMI,Mint Incorporation Ltd,민트 인코퍼레이션,Industrials
SKK,SKK Holdings Ltd,SKK 홀딩스,Industrials
BKYI,BIO-Key International Inc,바이오키 인터내셔널,Industrials
MGRX,Mangoceuticals Inc,망고슈티컬스,Healthcare
ERNA,Ernexa Therapeutics Inc,에르넥사 테라퓨틱스,Healthcare
MTVA,MetaVia Inc,메타비아,Healthcare
QUCY,Mainz Biomed NV,마인츠 바이오메드,Healthcare
CDIO,Cardio Diagnostics Holdings Inc,카디오 다이애그노스틱스 홀딩스,Healthcare
OXBR,Oxbridge Re Holdings Ltd,옥스브리지 리 홀딩스,Financial Services
ADXN,Addex Therapeutics Ltd ADR,애덱스 테라퓨틱스,Healthcare
SUNE,Sunation Energy Inc,수네이션 에너지,Technology
TWAV,TaoWeave Inc,타오위브,Financial Services
AIHS,Senmiao Technology Ltd,선먀오 테크놀로지,Industrials
CIIT,Tianci International Inc,톈츠 인터내셔널,Industrials
JCTC,Jewett-Cameron Trading Company Ltd,주잇-캐머런 트레이딩 컴퍼니,Basic Materials
BGMS,Bio Green Med Solution Inc,바이오 그린 메드 솔루션,Healthcare
ORKT,Orangekloud Technology Inc,오렌지클라우드 테크놀로지,Technology
ARTL,Artelo Biosciences Inc,아텔로 바이오사이언시스,Healthcare
DAIC,CID HoldCo Inc,CID 홀드코,Technology
PBM,Psyence Biomedical Ltd,사이언스 바이오메디컬,Healthcare
EJH,E-Home Household Service Holdings Ltd,이홈 하우스홀드 서비스 홀딩스,Consumer Cyclical
IZM,ICZOOM Group Inc,아이씨줌 그룹,Technology
BBGI,Beasley Broadcast Group Inc,비즐리 브로드캐스트 그룹,Communication Services
XTLB,X T L Biopharmaceuticals Ltd ADR,XTL 바이오파마슈티컬스,Healthcare
MBIO,Mustang Bio Inc,머스탱 바이오,Healthcare
SOWG,Sow Good Inc,소우 굿,Consumer Defensive
VS,Versus Systems Inc,버서스 시스템즈,Technology
XHLD,TEN Holdings Inc,TEN 홀딩스,Communication Services
MEGL,Magic Empire Global Ltd,매직 엠파이어 글로벌,Financial Services
SOPA,Society Pass Inc,소사이어티 패스,Communication Services
BGLC,BioNexus Gene Lab Corp,바이오넥서스 진 랩,Basic Materials
DRMA,Dermata Therapeutics Inc,더마타 테라퓨틱스,Healthcare
FRSX,Foresight Autonomous Holdings Ltd ADR,포어사이트 오토노머스 홀딩스,Consumer Cyclical
SNTG,Sentage Holdings Inc,센티지 홀딩스,Financial Services
OLB,OLB Group Inc,OLB 그룹,Technology
INBS,Intelligent Bio Solutions Inc,인텔리전트 바이오 솔루션즈,Healthcare
ANY,Sphere 3D Corp,스피어 3D,Financial Services
ENSC,Ensysce Biosciences Inc,엔사이스 바이오사이언시스,Healthcare
JAGX,Jaguar Health Inc,재규어 헬스,Healthcare
JWEL,Jowell Global Ltd,조웰 글로벌,Consumer Cyclical
ASBP,Aspire Biopharma Holdings Inc,어스파이어 바이오파마 홀딩스,Healthcare
ITOC,iTonic Holdings Ltd,아이토닉 홀딩스,Healthcare
TWG,Top Wealth Group Holding Ltd,탑 웰스 그룹 홀딩,Consumer Defensive
YMAT,J-Star Holding Co Ltd,J-스타 홀딩,Basic Materials
WBUY,Webuy Global Ltd,위바이 글로벌,Consumer Cyclical
SMTK,SmartKem Inc,스마트켐,Technology
EDHL,Everbright Digital Holding Ltd,에버브라이트 디지털 홀딩,Communication Services
NXGL,Nexgel Inc,넥스젤,Healthcare
CLGN,Collplant Biotechnologies Ltd,콜플랜트 바이오테크놀로지스,Healthcare
IBG,Innovation Beverage Group Ltd,이노베이션 베버리지 그룹,Consumer Defensive
YDKG,Yueda Digital Holding,위에다 디지털 홀딩,Communication Services
ZYXI,Zynex Inc,자이넥스,Unknown
CODX,Co-Diagnostics Inc,코-다이애그노스틱스,Healthcare
SBFM,Sunshine Biopharma Inc,선샤인 바이오파마,Healthcare
WXM,WF International Ltd,WF 인터내셔널,Industrials
CAPS,Capstone Holding Corp,캡스톤 홀딩,Basic Materials
SLE,Super League Enterprise Inc,슈퍼 리그 엔터프라이즈,Communication Services
SONM,DNA X Inc,DNA X,Technology
DXST,Decent Holding Inc,디센트 홀딩,Industrials
JTAI,Jet.AI Inc,젯AI,Technology
TANH,Tantech Holdings Ltd,탄테크 홀딩스,Consumer Defensive
APVO,Aptevo Therapeutics Inc,압테보 테라퓨틱스,Healthcare
CHNR,China Natural Resources Inc,차이나 내추럴 리소시스,Basic Materials
LXEH,Lixiang Education Holding Co Ltd ADR,리샹 에듀케이션 홀딩,Consumer Defensive
STFS,Star Fashion Culture Holdings Ltd,스타 패션 컬처 홀딩스,Communication Services
LIMN,Liminatus Pharma Inc,리미나투스 파마,Healthcare
HYFM,Hydrofarm Holdings Group Inc,하이드로팜 홀딩스 그룹,Industrials
GP,GreenPower Motor Company Inc,그린파워 모터 컴퍼니,Industrials
SXTP,60 Degrees Pharmaceuticals Inc,60 디그리스 파마슈티컬스,Healthcare
WLDS,Wearable Devices Ltd,웨어러블 디바이시스,Technology
POLA,Polar Power Inc,폴라 파워,Industrials
PULM,Pulmatrix Inc,펄매트릭스,Healthcare
AQB,AquaBounty Technologies Inc,아쿠아바운티 테크놀로지스,Consumer Defensive
WNW,Meiwu Technology Company Ltd,메이우 테크놀로지,Consumer Cyclical
DUO,Fangdd Network Group Ltd,팡디디 네트워크 그룹,Real Estate
CLIK,Click Holdings Limited,클릭 홀딩스,Consumer Cyclical
WTO,UTime Ltd,유타임,Technology
KIDZ,Classover Holdings Inc,클래스오버 홀딩스,Consumer Defensive
AKTX,Akari Therapeutics PLC ADR,아카리 테라퓨틱스,Healthcare
VEEE,Twin Vee PowerCats Co,트윈 비 파워캣츠,Consumer Cyclical
AMIX,Autonomix Medical Inc,오토노믹스 메디컬,Healthcare
ALBT,Avalon Globocare Corp,아발론 글로보케어,Real Estate
ISPC,iSpecimen Inc,아이스페시먼,Healthcare
BIYA,Baiya International Group Inc,바이야 인터내셔널 그룹,Technology
VIVS,VivoSim Labs Inc,비보심 랩스,Healthcare
TNMG,TNL Mediagene,티엔엘 미디어진,Communication Services
ATXG,Addentax Group Corp,애든택스 그룹,Industrials
REVB,Revelation Biosciences Inc,레벌레이션 바이오사이언시스,Healthcare
GSUN,Golden Sun Technology Group Ltd,골든 선 테크놀로지 그룹,Consumer Defensive
CDTG,CDT Environmental Technology Investment Holdings Ltd,CDT 인바이런멘털 테크놀로지 인베스트먼트 홀딩스,Industrials
SHPH,Shuttle Pharmaceuticals Holdings Inc,셔틀 파마슈티컬스 홀딩스,Healthcare
VSTD,Vestand Inc,베스탠드,Consumer Cyclical
MEHA,Functional Brands Inc,펑셔널 브랜즈,Consumer Defensive
WAI,Top KingWin Ltd,톱 킹윈,Financial Services
IPST,IP Strategy Holdings Inc,아이피 스트래티지 홀딩스,Financial Services
DFSC,DEFSEC Technologies Inc,데프섹 테크놀로지스,Industrials
RMSG,Real Messenger Corp,리얼 메신저,Technology
RDHL,Redhill Biopharma Ltd ADR,레드힐 바이오파마,Healthcare
LMFA,LM Funding America Inc,엘엠 펀딩 아메리카,Financial Services
MSS,Maison Solutions Inc,메종 솔루션즈,Consumer Defensive
BAOS,Baosheng Media Group Holdings Ltd,바오성 미디어 그룹 홀딩스,Communication Services
OLOX,Olenox Industries Inc,올레녹스 인더스트리스,Industrials
ABTS,Abits Group Inc,에이비츠 그룹,Financial Services
EZRA,Reliance Global Group Inc,릴라이언스 글로벌 그룹,Financial Services
ONFO,Onfolio Holdings Inc,온폴리오 홀딩스,Communication Services
ZSPC,zSpace  Inc.,지스페이스,Technology
HTCR,HeartCore Enterprises Inc,하트코어 엔터프라이즈,Technology
FCUV,Focus Universal Inc,포커스 유니버설,Technology
PPBT,Purple Biotech Ltd ADR,퍼플 바이오테크,Healthcare
SNOA,Sonoma Pharmaceuticals Inc,소노마 파마슈티컬스,Healthcare
SPHL,Springview Holdings Ltd,스프링뷰 홀딩스,Consumer Cyclical
DHAI,DIH Holding US Inc,디아이에이치 홀딩 US,Healthcare
CRE,Cre8 Enterprise Ltd,크리에이트 엔터프라이즈,Industrials
GLMD,Galmed Pharmaceuticals Ltd,갈메드 파마슈티컬스,Healthcare
SLXN,Silexion Therapeutics Corp,사일렉시온 테라퓨틱스,Healthcare
PASW,Ping An Biomedical Co Ltd,핑안 바이오메디컬,Consumer Cyclical
ENVB,Enveric Biosciences Inc,엔베릭 바이오사이언시스,Healthcare
YYGH,YY Group Holding Ltd,와이와이 그룹 홀딩스,Consumer Cyclical
CHR,Cheer Holding Inc,치어 홀딩스,Communication Services
RDGT,Ridgetech Inc,릿지테크,Healthcare
HUBC,Hub Cyber Security Ltd,허브 사이버 시큐리티,Technology
HIHO,Highway Holdings Ltd,하이웨이 홀딩스,Industrials
ICON,Icon Energy Corp,아이콘 에너지,Industrials
INDP,Indaptus Therapeutics Inc,인댑터스 테라퓨틱스,Healthcare
SQFT,Presidio Property Trust Inc,프레시디오 프로퍼티 트러스트,Real Estate
ALZN,Alzamend Neuro Inc,알자멘드 뉴로,Healthcare
BNBX,BNB Plus Corp,비앤비 플러스,Financial Services
RUBI,Rubico Inc,루비코,Industrials
BTOG,Bit Origin Ltd,비트 오리진,Financial Services
FLYE,Fly-E Group Inc,플라이이 그룹,Consumer Cyclical
OCG,Oriental Culture Holding Ltd,오리엔탈 컬처 홀딩스,Consumer Cyclical
DEVS,DevvStream Corp,데브스트림,Industrials
IVF,INVO Fertility Inc,인보 퍼틸리티,Healthcare
GRI,GRI Bio Inc,지알아이 바이오,Healthcare
BYAH,Park Ha Biological Technology Co Ltd,파크 하 바이올로지컬 테크놀로지,Consumer Defensive
AEMD,Aethlon Medical Inc,애슬론 메디컬,Healthcare
INHD,Inno Holdings Inc,이노 홀딩스,Basic Materials
NCPL,Netcapital Inc,넷캐피털,Financial Services
DCOY,Decoy Therapeutics Inc,디코이 테라퓨틱스,Healthcare
JEM,707 Cayman Holdings Ltd,707 케이맨 홀딩스,Consumer Cyclical
NXTS,Nexentis Technologies Inc,넥센티스 테크놀로지스,Basic Materials
MNDR,Mobile-health Network Solutions,모바일 헬스 네트워크 솔루션즈,Healthcare
ATPC,Agape ATP Corp,아가페 ATP,Consumer Defensive
NCRA,Nocera Inc,노세라,Consumer Defensive
XRTX,XORTX Therapeutics Inc,엑스오알티엑스 테라퓨틱스,Healthcare
NUWE,Nuwellis Inc,뉴웰리스,Healthcare
SBLX,StableX Technologies Inc,스테이블엑스 테크놀로지스,Consumer Cyclical
GWAV,Greenwave Technology Solutions Inc,그린웨이브 테크놀로지 솔루션즈,Industrials
HCTI,Healthcare Triangle Inc,헬스케어 트라이앵글,Healthcare
SDOT,Sadot Group Inc,사돗 그룹,Consumer Defensive
TIVC,Tivic Health Systems Inc,티빅 헬스 시스템즈,Healthcare
TRUG,Trugolf Holdings Inc,트루골프 홀딩스,Consumer Cyclical
ZNB,Zeta Network Group,제타 네트워크 그룹,Communication Services
SGLY,Singularity Future Technology Ltd,싱귤래리티 퓨처 테크놀로지,Industrials
IVDA,Iveda Solutions Inc,아이베다 솔루션즈,Industrials
VCIG,VCI Global Ltd,브이씨아이 글로벌,Industrials
NVVE,Nuvve Holding Corp,뉴브 홀딩스,Consumer Cyclical
FCHL,Fitness Champs Holdings Ltd,피트니스 챔프스 홀딩스,Consumer Defensive
TRNR,Interactive Strength Inc,인터랙티브 스트렝스,Consumer Cyclical
LNKS,Linkers Industries Ltd,링커스 인더스트리스,Industrials
RKDA,Arcadia Biosciences Inc,아카디아 바이오사이언시스,Consumer Defensive
GOVX,GeoVax Labs Inc,지오백스 랩스,Healthcare
FRGT,Freight Technologies Inc,프레이트 테크놀로지스,Technology
UK,Ucommune International Ltd,유커먼 인터내셔널,Real Estate
NCT,Intercont (Cayman) Ltd,인터콘트 (케이맨),Industrials
ORIS,Oriental Rise Holdings Ltd,오리엔탈 라이즈 홀딩스,Consumer Defensive
SHFS,SHF Holdings Inc,에스에이치에프 홀딩스,Financial Services
PPCB,Propanc Biopharma Inc,프로팽크 바이오파마,Healthcare
MYSZ,My Size Inc,마이사이즈,Technology
ADIL,Adial Pharmaceuticals Inc,애디얼 파마슈티컬스,Healthcare
DRCT,Direct Digital Holdings Inc,다이렉트 디지털 홀딩스,Communication Services
CNET,ZW Data Action Technologies Inc,ZW 데이터 액션 테크놀로지스,Communication Services
JDZG,JIADE Ltd,지아더,Technology
INM,InMed Pharmaceuticals Inc,인메드 파마슈티컬스,Healthcare
AUUD,Auddia Inc,오디아,Technology
BBLG,Bone Biologics Corp,본 바이오로직스,Healthcare
ELPW,eLong Power Holding Ltd,이롱 파워 홀딩스,Industrials
BDRX,Biodexa Pharmaceuticals PLC ADR,바이오덱사 파마슈티컬스,Healthcare
MASK,3 E Network Technology Group Ltd,3E 네트워크 테크놀로지 그룹,Technology
IMCC,IM Cannabis Corp,아이엠 캐나비스,Healthcare
CNEY,CN Energy Group Inc,씨엔 에너지 그룹,Basic Materials
CISS,C3is Inc,씨3아이에스,Industrials
BJDX,Bluejay Diagnostics Inc,블루제이 다이아그노스틱스,Healthcare
VSME,VS Media Holdings Ltd,브이에스 미디어 홀딩스,Communication Services
VMAR,Vision Marine Technologies Inc,비전 마린 테크놀로지스,Consumer Cyclical
SCNI,Scinai Immunotherapeutics Ltd ADR,사이나이 이뮤노테라퓨틱스,Healthcare
WOK,WORK Medical Technology Group Ltd,워크 메디컬 테크놀로지 그룹,Healthcare
IMTE,Integrated Media Technology Ltd,인티그레이티드 미디어 테크놀로지,Technology
SXTC,China SXT Pharmaceuticals Inc,차이나 에스엑스티 파마슈티컬스,Healthcare
FEED,ENvue Medical Inc,엔뷰 메디컬,Healthcare
RAYA,Erayak Power Solution Group Inc,에라약 파워 솔루션 그룹,Industrials
SVRE,Saverone 2014 Ltd ADR,세이버원 2014,Technology
SPRC,Scisparc Ltd,사이스파크,Healthcare
CMND,Clearmind Medicine Inc,클리어마인드 메디신,Healthcare
LBGJ,Li Bang International Corporation Inc,리방 인터내셔널,Industrials
VSA,VisionSys AI Inc ADR,비전시스 AI,Consumer Defensive
HCWB,HCW Biologics Inc,HCW 바이오로직스,Healthcare
WORX,Scworx Corp,에스씨웍스,Healthcare
CNSP,CNS Pharmaceuticals Inc,CNS 파마슈티컬스,Healthcare
GNLN,Greenlane Holdings Inc,그린레인 홀딩스,Consumer Defensive
AGMH,AGM Group Holdings Inc,AGM 그룹 홀딩스,Technology
GV,Visionary Holdings Inc,비저너리 홀딩스,Consumer Defensive
AKAN,Akanda Corp,아칸다,Healthcare
PFSA,Profusa Inc,프로푸사,Healthcare
IPW,iPower Inc,아이파워,Consumer Cyclical
PAVS,Paranovus Entertainment Technology Ltd,파라노버스 엔터테인먼트 테크놀로지,Consumer Defensive
CCTG,CCSC Technology International Holdings Ltd,CCSC 테크놀로지 인터내셔널 홀딩스,Industrials
UPC,Universe Pharmaceuticals Inc,유니버스 파마슈티컬스,Healthcare
KAVL,Kaival Brands Innovations Group Inc,카이발 브랜즈 이노베이션스 그룹,Consumer Defensive
LRHC,La Rosa Holdings,라 로사 홀딩스,Real Estate
AREB,American Rebel Holdings Inc,아메리칸 레블 홀딩스,Consumer Cyclical
MTEN,Mingteng International Corp Inc,밍텅 인터내셔널,Industrials
XXII,22nd Century Group Inc,22세기 그룹,Consumer Defensive
AEHL,Antelope Enterprise Holdings Ltd,앤털로프 엔터프라이즈 홀딩스,Industrials
GIPR,Generation Income Properties Inc,제너레이션 인컴 프로퍼티즈,Real Estate
NEXR,Nexera Technologies Ltd,넥세라 테크놀로지스,Consumer Cyclical
GCTK,GlucoTrack Inc,글루코트랙,Healthcare
JZXN,Jiuzi Holdings Inc,지우쯔 홀딩스,Consumer Cyclical
VRAX,Virax Biolabs Group Ltd,바이랙스 바이오랩스 그룹,Healthcare
XTKG,X3 Holdings Co Ltd,엑스3 홀딩스,Technology
WHLR,Wheeler Real Estate Investment Trust Inc,휠러 리얼 에스테이트 인베스트먼트 트러스트,Real Estate
HKIT,Hitek Global Inc,하이텍 글로벌,Technology
BOXL,Boxlight Corp,박스라이트,Technology
UCAR,U Power Ltd,유파워,Consumer Cyclical
STKH,Steakholder Foods Ltd ADR,스테이크홀더 푸즈,Consumer Defensive
NIVF,NewGenIvf Group Ltd,뉴젠 IVF 그룹,Healthcare
FGL,Founder Group Ltd,파운더 그룹,Industrials
SOBR,Sobr Safe Inc,소버 세이프,Technology
EDBL,Edible Garden AG Inc,에더블 가든 AG,Consumer Defensive
PMAX,Powell Max Ltd,파월 맥스,Industrials
BNRG,Brenmiller Energy Ltd,브렌밀러 에너지,Utilities
ARBK,Argo Blockchain PLC ADR,아르고 블록체인,Financial Services
GMEX,Fitell Corp,핏텔,Technology
ONCO,Onconetix Inc,온코네틱스,Healthcare
KUST,Kustom Entertainment Inc,커스텀 엔터테인먼트,Communication Services
ADTX,Aditxt Inc,아딕스트,Healthcare
LGHL,Lion Group Holding Ltd ADR,라이온 그룹 홀딩,Financial Services
KXIN,Kaixin Holdings,카이신 홀딩스,Consumer Cyclical
RNBW,Rainbow Capital Holdings Ltd,레인보우 캐피털 홀딩스,Unknown
CLRS,Clear Street Group Inc,클리어 스트리트 그룹,Unknown
ANABV,AnaptysBio Inc,아나프티스바이오,
TRAXV,First Tracks Biotherapeutics Inc,퍼스트 트랙스 바이오테라퓨틱스,Healthcare
TMCR,Metals Royalty Company Inc,메탈스 로열티 컴퍼니,Basic Materials
TSM,Taiwan Semiconductor Manufacturing Co Ltd ADR,타이완 반도체 매뉴팩처링 ADR,Technology
LLY,Eli Lilly and Co,일라이 릴리,Healthcare
JPM,JPMorgan Chase & Co,JP모건 체이스,Financial Services
BRK.B,Berkshire Hathaway Inc Class B,버크셔 해서웨이 클래스 B,Unknown
XOM,Exxon Mobil Corp,엑슨모빌,Energy
V,Visa Inc,비자,Financial Services
JNJ,Johnson & Johnson,존슨앤드존슨,Healthcare
MA,Mastercard Inc,마스터카드,Financial Services
ORCL,Oracle Corp,오라클,Technology
CVX,Chevron Corp,셰브론,Energy
ABBV,AbbVie Inc,애브비,Healthcare
BAC,Bank of America Corp,뱅크오브아메리카,Financial Services
BRK.A,Berkshire Hathaway Inc Class A,버크셔 해서웨이 클래스 A,Unknown
CAT,Caterpillar Inc,캐터필러,Industrials
PG,Procter & Gamble Co,프록터 앤드 갬블,Consumer Defensive
HD,Home Depot Inc,홈디포,Consumer Cyclical
KO,Coca-Cola Co,코카콜라,Consumer Defensive
GE,General Electric Co,제너럴 일렉트릭,Industrials
AZN,AstraZeneca PLC,아스트라제네카,Healthcare
HSBC,HSBC Holdings PLC ADR,HSBC 홀딩스 ADR,Financial Services
BABA,Alibaba Group Holding Ltd ADR,알리바바 그룹 홀딩 ADR,Consumer Cyclical
MRK,Merck & Co Inc,머크,Healthcare
NVS,Novartis AG ADR,노바티스 ADR,Healthcare
UNH,UnitedHealth Group Inc,유나이티드헬스 그룹,Healthcare
MS,Morgan Stanley,모건스탠리,Financial Services
TM,Toyota Motor Corp ADR,도요타자동차 ADR,Consumer Cyclical
RTX,RTX Corp,RTX,Industrials
GS,Goldman Sachs Group Inc,골드만삭스 그룹,Financial Services
GEV,GE Vernova Inc,GE 버노바,Industrials
WFC,Wells Fargo & Co,웰스파고,Financial Services
SHEL,Shell PLC ADR,셸 ADR,Energy
PM,Philip Morris International Inc,필립모리스 인터내셔널,Consumer Defensive
RY,Royal Bank of Canada,캐나다 왕립은행,Financial Services
IBM,International Business Machines Corp,IBM,Technology
MCD,McDonald's Corp,맥도날드,Consumer Cyclical
AXP,American Express Co,아메리칸 익스프레스,Financial Services
C,Citigroup Inc,씨티그룹,Financial Services
MUFG,Mitsubishi UFJ Financial Group Inc ADR,미쓰비시 UFJ 파이낸셜 그룹 ADR,Financial Services
TTE,TotalEnergies SE,토탈에너지스,Energy
BHP,BHP Group Ltd ADR,BHP 그룹 ADR,Basic Materials
NEE,Nextera Energy Inc,넥스트에라 에너지,Utilities
VZ,Verizon Communications Inc,버라이즌 커뮤니케이션스,Communication Services
SAP,SAP SE ADR,SAP ADR,Technology
TMO,Thermo Fisher Scientific Inc,써모 피셔 사이언티픽,Healthcare
T,AT&T Inc,AT&T,Communication Services
ANET,Arista Networks Inc,아리스타 네트웍스,Technology
SAN,Banco Santander SA ADR,방코 산탄데르 ADR,Financial Services
TJX,TJX Companies Inc,TJX 컴퍼니스,Consumer Cyclical
ABT,Abbott Laboratories,애보트 래버러토리스,Healthcare
DIS,Walt Disney Co,월트 디즈니,Communication Services
APH,Amphenol Corp,암페놀,Technology
BA,Boeing Co,보잉,Industrials
TD,Toronto-Dominion Bank,토론토도미니언 은행,Financial Services
SCHW,Charles Schwab Corp,찰스 슈왑,Financial Services
DE,Deere & Co,디어,Industrials
SCCO,Southern Copper Corp,서던 코퍼,Basic Materials
ETN,Eaton Corporation PLC,이튼,Industrials
BLK,BlackRock Inc,블랙록,Financial Services
PFE,Pfizer Inc,화이자,Healthcare
CRM,Salesforce Inc,세일즈포스,Technology
COP,ConocoPhillips,코노코필립스,Energy
UNP,Union Pacific Corp,유니언 퍼시픽,Industrials
GLW,Corning Inc,코닝,Technology
UBER,Uber Technologies Inc,우버 테크놀로지스,Technology
WELL,Welltower Inc,웰타워,Real Estate
LMT,Lockheed Martin Corp,록히드마틴,Industrials
UBS,UBS Group AG,UBS 그룹,Financial Services
HDB,HDFC Bank Ltd ADR,HDFC 뱅크 ADR,Financial Services
LOW,Lowe's Companies Inc,로우스,Consumer Cyclical
BX,Blackstone Inc,블랙스톤,Financial Services
DHR,Danaher Corp,다나허,Healthcare
SMFG,Sumitomo Mitsui Financial Group  Inc ADR,스미토모 미쓰이 파이낸셜 그룹 ADR,Financial Services
BBVA,Banco Bilbao Vizcaya Argentaria SA ADR,BBVA ADR,Financial Services
SYK,Stryker Corp,스트라이커,Healthcare
BUD,Anheuser-Busch Inbev SA ADR,안호이저부시 인베브 ADR,Consumer Defensive
NEM,Newmont Corporation,뉴몬트,Basic Materials
PLD,Prologis Inc,프로로지스,Real Estate
NVO,Novo Nordisk A/S ADR,노보 노디스크 ADR,Healthcare
BTI,British American Tobacco plc ADR,브리티시 아메리칸 토바코 ADR,Consumer Defensive
UL,Unilever PLC ADR,유니레버 ADR,Consumer Defensive
CB,Chubb Limited,처브,Financial Services
SPGI,S&P Global Inc,S&P 글로벌,Financial Services
SONY,Sony Group Corp ADR,소니 그룹 ADR,Technology
RIO,Rio Tinto PLC ADR,리오 틴토 ADR,Basic Materials
PH,Parker-Hannifin Corp,파커하니핀,Industrials
COF,Capital One Financial Corp,캐피털 원 파이낸셜,Financial Services
BMY,Bristol-Myers Squibb Co,브리스톨마이어스 스큅,Healthcare
BP,BP PLC ADR,BP ADR,Energy
ENB,Enbridge Inc,엔브리지,Energy
GSK,GSK plc ADR,GSK ADR,Healthcare
DELL,Dell Technologies Inc,델 테크놀로지스,Technology
PGR,Progressive Corp,프로그레시브,Financial Services
VRT,Vertiv Holdings Co,버티브 홀딩스,Industrials
MO,Altria Group Inc,알트리아 그룹,Consumer Defensive
MDT,Medtronic PLC,메드트로닉,Healthcare
ACN,Accenture PLC,액센추어,Technology
HCA,HCA Healthcare Inc,HCA 헬스케어,Healthcare
SO,Southern Co,서던 컴퍼니,Utilities
AEM,Agnico Eagle Mines Ltd,아그니코 이글 마인스,Basic Materials
MCK,McKesson Corp,맥케슨,Healthcare
MFG,Mizuho Financial Group Inc ADR,미즈호 파이낸셜 그룹 ADR,Financial Services
BN,Brookfield Corp,브룩필드,Financial Services
DUK,Duke Energy Corp,듀크 에너지,Utilities
TT,Trane Technologies PLC,트레인 테크놀로지스,Industrials
BMO,Bank of Montreal,뱅크 오브 몬트리올,Financial Services
CVS,CVS Health Corp,CVS 헬스,Healthcare
HWM,Howmet Aerospace Inc,하우멧 에어로스페이스,Industrials
IBN,ICICI Bank Ltd ADR,ICICI 뱅크 ADR,Financial Services
SPOT,Spotify Technology SA,스포티파이 테크놀로지,Communication Services
EQNR,Equinor ASA ADR,에퀴노르 ADR,Energy
FCX,Freeport-McMoRan Inc,프리포트맥모란,Basic Materials
CNQ,Canadian Natural Resources Ltd,캐나디안 내추럴 리소시스,Energy
NOC,Northrop Grumman Corp,노스럽 그러먼,Industrials
CM,Canadian Imperial Bank of Commerce,캐나디안 임페리얼 뱅크 오브 커머스,Financial Services
WM,Waste Management Inc,웨이스트 매니지먼트,Industrials
GD,General Dynamics Corp,제너럴 다이내믹스,Industrials
BSX,Boston Scientific Corp,보스턴 사이언티픽,Healthcare
ICE,Intercontinental Exchange Inc,인터컨티넨털 익스체인지,Financial Services
PNC,PNC Financial Services Group Inc,PNC 파이낸셜 서비스 그룹,Financial Services
NOW,ServiceNow Inc,서비스나우,Technology
NGG,National Grid PLC ADR,내셔널 그리드 ADR,Utilities
FDX,FedEx Corp,페덱스,Industrials
BNS,Bank of Nova Scotia,스코샤뱅크,Financial Services
WMB,Williams Companies Inc,윌리엄스 컴퍼니스,Energy
BK,Bank of New York Mellon Corp,BNY 멜론,Financial Services
PWR,Quanta Services Inc,퀀타 서비스,Industrials
JCI,Johnson Controls International PLC,존슨 컨트롤즈 인터내셔널,Industrials
USB,US Bancorp,US 뱅코프,Financial Services
UPS,United Parcel Service Inc,유나이티드 파슬 서비스,Industrials
CMI,Cummins Inc,커민스,Industrials
AMT,American Tower Corp,아메리칸 타워,Real Estate
ING,ING Groep NV ADR,ING 그룹 ADR,Financial Services
AMX,America Movil SAB de CV ADR,아메리카 모빌 ADR,Communication Services
SHW,Sherwin-Williams Co,셔윈 윌리엄스,Basic Materials
E,Eni SpA ADR,에니 ADR,Energy
KKR,KKR & Co Inc,KKR,Financial Services
MRSH,Marsh & McLennan Companies Inc,마시 앤 매클레넌,Financial Services
EMR,Emerson Electric Co,에머슨 일렉트릭,Industrials
BCS,Barclays PLC ADR,바클레이즈 ADR,Financial Services
LYG,Lloyds Banking Group PLC ADR,로이즈 뱅킹 그룹 ADR,Financial Services
SLB,Slb NV,SLB,Energy
CRH,CRH PLC,CRH,Basic Materials
MMM,3M Co,3M,Industrials
ITW,Illinois Tool Works Inc,일리노이 툴 웍스,Industrials
PBR,Petroleo Brasileiro ADR Reptg 2,페트로브라스 ADR,Energy
ECL,Ecolab Inc,에코랩,Basic Materials
MCO,Moody's Corp,무디스,Financial Services
SU,Suncor Energy Inc (Canada),선코어 에너지,Energy
RCL,Royal Caribbean Cruises Ltd,로열 캐리비안 크루즈,Consumer Cyclical
HLT,Hilton Worldwide Holdings Inc,힐튼 월드와이드 홀딩스,Consumer Cyclical
BAM,BROOKFIELD ASSET MANAGEMENT LTD,브룩필드 애셋 매니지먼트,Financial Services
CP,Canadian Pacific Kansas City Ltd,캐나디안 퍼시픽 캔자스시티,Industrials
CI,Cigna Group,시그나 그룹,Healthcare
KMI,Kinder Morgan Inc,킨더 모건,Energy
EOG,EOG Resources Inc,EOG 리소시스,Energy
B,Barrick Mining Corp,배릭 마이닝,Basic Materials
MSI,Motorola Solutions Inc,모토로라 솔루션스,Technology
NU,Nu Holdings Ltd.,누 홀딩스,Financial Services
NSC,Norfolk Southern Corp,노퍽 서던,Industrials
VALE,Vale SA ADR,발레 ADR,Basic Materials
CVNA,Carvana Co,카바나,Consumer Cyclical
ELV,Elevance Health Inc,엘리밴스 헬스,Healthcare
VLO,Valero Energy Corp,발레로 에너지,Energy
GM,General Motors Co,제너럴 모터스,Consumer Cyclical
CIEN,Ciena Corp,시에나,Technology
RACE,Ferrari NV,페라리,Consumer Cyclical
TDG,TransDigm Group Inc,트랜스다임 그룹,Industrials
CL,Colgate-Palmolive Co,콜게이트-팜올리브,Consumer Defensive
AON,Aon PLC,에이온,Financial Services
CNI,Canadian National Railway Co,캐나디안 내셔널 레일웨이,Industrials
TEL,TE Connectivity PLC,TE 커넥티비티,Technology
TRP,TC Energy Corp,TC 에너지,Energy
APD,Air Products and Chemicals Inc,에어 프로덕츠 앤드 케미컬스,Basic Materials
RSG,Republic Services Inc,리퍼블릭 서비스,Industrials
NWG,NatWest Group PLC ADR,내트웨스트 그룹 ADR,Financial Services
LHX,L3Harris Technologies Inc,L3해리스 테크놀로지스,Industrials
MPC,Marathon Petroleum Corp,마라톤 페트롤리엄,Energy
NET,Cloudflare Inc,클라우드플레어,Technology
WPM,Wheaton Precious Metals Corp,휘튼 프레셔스 메탈스,Basic Materials
SRE,Sempra,셈프라,Utilities
SPG,Simon Property Group Inc,사이먼 프로퍼티 그룹,Real Estate
DLR,Digital Realty Trust Inc,디지털 리얼티 트러스트,Real Estate
PSX,Phillips 66,필립스 66,Energy
NKE,Nike Inc,나이키,Consumer Cyclical
TRV,Travelers Companies Inc,트래블러스 컴퍼니스,Financial Services
DB,Deutsche Bank AG,도이체방크,Financial Services
TFC,Truist Financial Corp,트루이스트 파이낸셜,Financial Services
COR,Cencora Inc,센코라,Healthcare
APO,Apollo Global Management Inc,아폴로 글로벌 매니지먼트,Financial Services
MFC,Manulife Financial Corp,매뉴라이프 파이낸셜,Financial Services
RELX,Relx PLC ADR,렐엑스 ADR,Industrials
O,Realty Income Corp,리얼티 인컴,Real Estate
OXY,Occidental Petroleum Corp,옥시덴털 페트롤리엄,Energy
AFL,Aflac Inc,애플랙,Financial Services
TAK,Takeda Pharmaceutical Co Ltd ADR,다케다 파마슈티컬 ADR,Healthcare
AZO,Autozone Inc,오토존,Consumer Cyclical
COHR,Coherent Corp,코히런트,Technology
D,Dominion Energy Inc,도미니언 에너지,Utilities
CTVA,Corteva Inc,코르테바,Basic Materials
FIX,Comfort Systems USA Inc,컴포트 시스템즈 USA,Industrials
TGT,Target Corp,타깃,Consumer Defensive
GWW,WW Grainger Inc,W.W. 그레인저,Industrials
LNG,Cheniere Energy Inc,셰니에르 에너지,Energy
UI,Ubiquiti Inc,유비퀴티,Technology
KEYS,Keysight Technologies Inc,키사이트 테크놀로지스,Technology
ASX,ASE Technology Holding Co Ltd ADR,ASE 테크놀로지 홀딩 ADR,Technology
INFY,Infosys Ltd ADR,인포시스 ADR,Technology
AU,Anglogold Ashanti PLC,앵글로골드 아샨티,Basic Materials
AJG,Arthur J. Gallagher & Co.,아서 J. 갤러거,Financial Services
ALL,Allstate Corp,올스테이트,Financial Services
OKE,ONEOK Inc,원오크,Energy
NOK,Nokia Oyj ADR,노키아 ADR,Technology
ETR,Entergy Corp,엔터지,Utilities
AME,AMETEK Inc,아메텍,Industrials
VST,Vistra Corp,비스트라,Utilities
TRGP,Targa Resources Corp,타르가 리소시스,Energy
CARR,Carrier Global Corp,캐리어 글로벌,Industrials
PSA,Public Storage,퍼블릭 스토리지,Real Estate
CCJ,Cameco Corp,카메코,Energy
FNV,Franco-Nevada Corp,프랑코 네바다,Basic Materials
ZTS,Zoetis Inc,조에티스,Healthcare
CAH,Cardinal Health Inc,카디널 헬스,Healthcare
ABEV,Ambev SA ADR,암베브 ADR,Consumer Defensive
FERG,Ferguson Enterprises Inc,퍼거슨 엔터프라이즈,Industrials
ITUB,Itau Unibanco Holding SA ADR,이타우 유니방코 홀딩 ADR,Financial Services
GRMN,Garmin Ltd,가민,Technology
F,Ford Motor Co,포드 모터,Consumer Cyclical
CVE,Cenovus Energy Incorporation,세노버스 에너지,Energy
MET,MetLife Inc,메트라이프,Financial Services
URI,United Rentals Inc,유나이티드 렌털스,Industrials
BE,Bloom Energy Corp,블룸 에너지,Industrials
SE,Sea Ltd ADR,씨 ADR,Consumer Cyclical
WAB,Westinghouse Air Brake Technologies Corp,웨스팅하우스 에어 브레이크 테크놀로지스,Industrials
MT,ArcelorMittal SA ADR,아르셀로미탈 ADR,Basic Materials
EW,Edwards Lifesciences Corp,에드워즈 라이프사이언시스,Healthcare
SNOW,Snowflake Inc,스노우플레이크,Technology
WDS,Woodside Energy Group Ltd ADR,우드사이드 에너지 그룹 ADR,Energy
DAL,Delta Air Lines Inc,델타 에어라인스,Industrials
ROK,Rockwell Automation Inc,록웰 오토메이션,Industrials
CMG,Chipotle Mexican Grill Inc,치폴레 멕시칸 그릴,Consumer Cyclical
YUM,Yum! Brands Inc,얌! 브랜즈,Consumer Cyclical
HLN,Haleon PLC ADR,헤일리온 ADR,Healthcare
BDX,Becton Dickinson and Co,벡턴 디킨슨,Healthcare
DEO,Diageo PLC ADR,디아지오 ADR,Consumer Defensive
GFI,Gold Fields Ltd ADR,골드 필즈 ADR,Basic Materials
NUE,Nucor Corp,뉴코어,Basic Materials
ED,Consolidated Edison Inc,콘에디슨,Utilities
KR,Kroger Co,크로거,Consumer Defensive
HSY,Hershey Co,허쉬,Consumer Defensive
PEG,Public Service Enterprise Group Inc,퍼블릭 서비스 엔터프라이즈 그룹,Utilities
DHI,D.R. Horton Inc,D.R. 호턴,Consumer Cyclical
RKT,Rocket Companies Inc,로켓 컴퍼니스,Financial Services
WCN,Waste Connections Inc,웨이스트 커넥션스,Industrials
CBRE,CBRE Group Inc,CBRE 그룹,Real Estate
AIG,American International Group Inc,아메리칸 인터내셔널 그룹,Financial Services
PCG,PG&E Corp,PG&E,Utilities
AMP,Ameriprise Financial Inc,아메리프라이즈 파이낸셜,Financial Services
VTR,Ventas Inc,벤타스,Real Estate
KGC,Kinross Gold Corp,킨로스 골드,Basic Materials
CLS,Celestica Inc,셀레스티카,Technology
MSCI,MSCI Inc,MSCI,Financial Services
ALC,Alcon AG,알콘,Healthcare
KB,KB Financial Group Inc ADR,KB금융 ADR,Financial Services
PUK,Prudential PLC ADR,프루덴셜 ADR,Financial Services
WEC,WEC Energy Group Inc,WEC 에너지 그룹,Utilities
STT,State Street Corp,스테이트 스트리트,Financial Services
TKO,TKO Group Holdings Inc,TKO 그룹 홀딩스,Communication Services
RBLX,Roblox Corp,로블록스,Communication Services
VMC,Vulcan Materials Co,벌컨 머티리얼스,Basic Materials
LYV,Live Nation Entertainment Inc,라이브 네이션 엔터테인먼트,Communication Services
HIG,Hartford Insurance Group Inc,하트퍼드 인슈어런스 그룹,Financial Services
MLM,Martin Marietta Materials Inc,마틴 마리에타 머티리얼스,Basic Materials
CCI,Crown Castle Inc,크라운 캐슬,Real Estate
XYZ,Block Inc,블록,Technology
EQT,EQT Corp,EQT,Energy
SLF,Sun Life Financial Inc,선 라이프 파이낸셜,Financial Services
TEVA,Teva Pharmaceutical Industries Ltd ADR,테바 파마슈티컬 인더스트리스 ADR,Healthcare
CPNG,Coupang Inc,쿠팡,Consumer Cyclical
LVS,Las Vegas Sands Corp,라스베이거스 샌즈,Consumer Cyclical
SYY,Sysco Corp,시스코,Consumer Defensive
EME,EMCOR Group Inc,엠코어 그룹,Industrials
STM,STMicroelectronics NV ADR,ST마이크로일렉트로닉스 ADR,Technology
NTR,Nutrien Ltd,뉴트리엔,Basic Materials
NRG,NRG Energy Inc,NRG 에너지,Utilities
CCL,Carnival Corp,카니발,Consumer Cyclical
VIK,Viking Holdings Ltd(Pembroke),바이킹 홀딩스,Consumer Cyclical
IX,ORIX Corp ADR,오릭스 ADR,Financial Services
ADM,Archer-Daniels-Midland Co,아처 대니얼스 미들랜드,Consumer Defensive
IR,Ingersoll Rand Inc,잉거솔 랜드,Industrials
ARES,Ares Management Corp,아레스 매니지먼트,Financial Services
PRU,Prudential Financial Inc,프루덴셜 파이낸셜,Financial Services
KVUE,Kenvue Inc,켄뷰,Consumer Defensive
RMD,Resmed Inc,레스메드,Healthcare
MTB,M&T Bank Corp,M&T 뱅크,Financial Services
HPE,Hewlett Packard Enterprise Co,휴렛팩커드 엔터프라이즈,Technology
CHT,Chunghwa Telecom Co Ltd ADR,중화텔레콤 ADR,Communication Services
A,Agilent Technologies Inc,애질런트 테크놀로지스,Healthcare
IRM,Iron Mountain Inc,아이언 마운틴,Real Estate
SHG,Shinhan Financial Group Co Ltd ADR,신한금융그룹 ADR,Financial Services
AMRZ,Amrize AG,암라이즈,Basic Materials
JBL,Jabil Inc,자빌,Technology
HAL,Halliburton Co,할리버튼,Energy
ATO,Atmos Energy Corp,애트모스 에너지,Utilities
AEE,Ameren Corp,아메런,Utilities
OTIS,Otis Worldwide Corp,오티스 월드와이드,Industrials
VG,Venture Global Inc,벤처 글로벌,Energy
DTE,DTE Energy Co,DTE 에너지,Utilities
HMC,Honda Motor Co Ltd ADR,혼다자동차 ADR,Consumer Cyclical
WAT,Waters Corp,워터스,Healthcare
XYL,Xylem Inc,자일럼,Industrials
TPR,Tapestry Inc,태피스트리,Consumer Cyclical
VICI,VICI Properties Inc,비치 프로퍼티스,Real Estate
TS,Tenaris SA ADR,테나리스 ADR,Energy
TDY,Teledyne Technologies Inc,텔레다인 테크놀로지스,Technology
FE,FirstEnergy Corp,퍼스트에너지,Utilities
PPL,PPL Corp,PPL,Utilities
DVN,Devon Energy Corp,데본 에너지,Energy
EXR,Extra Space Storage Inc,엑스트라 스페이스 스토리지,Real Estate
FTI,TechnipFMC PLC,테크닙FMC,Energy
DOV,Dover Corp,도버,Industrials
FTS,Fortis Inc,포티스,Utilities
EIX,Edison International,에디슨 인터내셔널,Utilities
RJF,Raymond James Financial Inc,레이먼드 제임스 파이낸셜,Financial Services
EC,Ecopetrol SA ADR,에코페트롤 ADR,Energy
CNP,CenterPoint Energy Inc,센터포인트 에너지,Utilities
HUBB,Hubbell Inc,허벨,Industrials
STZ,Constellation Brands Inc,컨스텔레이션 브랜즈,Consumer Defensive
MTZ,MasTec Inc,매스텍,Industrials
IQV,IQVIA Holdings Inc,아이큐비아 홀딩스,Healthcare
BAP,Credicorp Ltd,크레디코프,Financial Services
TPL,Texas Pacific Land Corp,텍사스 퍼시픽 랜드,Energy
DOW,Dow Inc,다우,Basic Materials
SUNB,Sunbelt Rentals Holdings Inc,선벨트 렌털스 홀딩스,Industrials
Q,Qnity Electronics Inc,큐니티 일렉트로닉스,Technology
CFG,Citizens Financial Group Inc,시티즌스 파이낸셜 그룹,Financial Services
VIV,Telefonica Brasil SA ADR,텔레포니카 브라질 ADR,Communication Services
AWK,American Water Works Co Inc,아메리칸 워터 웍스,Utilities
TECK,Teck Resources Ltd,텍 리소시스,Basic Materials
PHG,Koninklijke Philips NV ADR,필립스 ADR,Healthcare
MTD,Mettler-Toledo International Inc,메틀러 톨레도 인터내셔널,Healthcare
QSR,Restaurant Brands International Inc,레스토랑 브랜즈 인터내셔널,Consumer Cyclical
CW,Curtiss-Wright Corp,커티스라이트,Industrials
ROL,Rollins Inc,롤린스,Consumer Cyclical
ES,Eversource Energy,에버소스 에너지,Utilities
EL,Estee Lauder Companies Inc,에스티 로더,Consumer Defensive
RDDT,Reddit Inc,레딧,Communication Services
PBA,Pembina Pipeline Corp,펨비나 파이프라인,Energy
DG,Dollar General Corp,달러 제너럴,Consumer Defensive
CTRA,Coterra Energy Inc,코테라 에너지,Energy
SYF,Synchrony Financial,싱크로니 파이낸셜,Financial Services
WRB,W R Berkley Corp,W. R. 버클리,Financial Services
VEEV,Veeva Systems Inc,비바 시스템즈,Healthcare
FICO,Fair Isaac Corp,페어 아이작,Technology
AXIA,Centrais Eletricas Brasileiras SA - Eletrobras ADR,일렉트로브라스 ADR,Utilities
XPO,XPO Inc,XPO,Industrials
PPG,PPG Industries Inc,PPG 인더스트리스,Basic Materials
UMC,United Microelectronics Corp ADR,유나이티드 마이크로일렉트로닉스 ADR,Technology
CMS,CMS Energy Corp,CMS 에너지,Utilities
BSBR,Banco Santander Brasil SA ADR,방코 산탄데르 브라질 ADR,Financial Services
MKL,Markel Group Inc,마켈 그룹,Financial Services
PAAS,Pan American Silver Corp,팬 아메리칸 실버,Basic Materials
AER,AerCap Holdings NV,에어캡 홀딩스,Industrials
NMR,Nomura Holdings Inc ADR,노무라 홀딩스 ADR,Financial Services
BG,Bunge Global SA,분게 글로벌,Consumer Defensive
RF,Regions Financial Corp,리전스 파이낸셜,Financial Services
HUM,Humana Inc,휴마나,Healthcare
SBS,Companhia de Saneamento Basico do Estado de Sao Paulo - SABESP ADR,사베스프 ADR,Utilities
LYB,LyondellBasell Industries NV,라이온델바젤 인더스트리스,Basic Materials
AVB,AvalonBay Communities Inc,아발론베이 커뮤니티스,Real Estate
STLA,Stellantis NV,스텔란티스,Consumer Cyclical
PHM,Pultegroup Inc,풀트그룹,Consumer Cyclical
WIT,Wipro Ltd ADR,위프로 ADR,Technology
NI,NiSource Inc,나이소스,Utilities
KEY,KeyCorp,키코프,Financial Services
FMX,Fomento Economico Mexicano SAB de CV ADR,포멘토 에코노미코 멕시카노 ADR,Consumer Defensive
FIS,Fidelity National Information Services Inc,피델리티 내셔널 인포메이션 서비스,Technology
TSN,Tyson Foods Inc,타이슨 푸드,Consumer Defensive
EQR,Equity Residential,에쿼티 레지덴셜,Real Estate
FN,Fabrinet,패브리넷,Technology
RL,Ralph Lauren Corp,랄프 로렌,Consumer Cyclical
CHD,Church & Dwight Co Inc,처치 앤 드와이트,Consumer Defensive
WSM,Williams-Sonoma Inc,윌리엄스소노마,Consumer Cyclical
BCE,BCE Inc,BCE,Communication Services
LH,Labcorp Holdings Inc,랩코프 홀딩스,Healthcare
SW,Smurfit WestRock PLC,스머핏 웨스트록,Consumer Cyclical
L,Loews Corp,로우스,Financial Services
BRO,Brown & Brown Inc,브라운 앤 브라운,Financial Services
DRI,Darden Restaurants Inc,다든 레스토랑,Consumer Cyclical
STE,STERIS plc,스테리스,Healthcare
EFX,Equifax Inc,에퀴팩스,Industrials
VLTO,Veralto Corp,베랄토,Industrials
ATI,ATI Inc,ATI,Industrials
DGX,Quest Diagnostics Inc,퀘스트 다이애그노스틱스,Healthcare
OMC,Omnicom Group Inc,옴니콤 그룹,Communication Services
CRS,Carpenter Technology Corp,카펜터 테크놀로지,Industrials
IHG,InterContinental Hotels Group PLC ADR,인터컨티넨탈 호텔스 그룹 ADR,Consumer Cyclical
CRCL,Circle Internet Group Inc,서클 인터넷 그룹,Financial Services
BWXT,BWX Technologies Inc,BWX 테크놀로지스,Industrials
NVT,nVent Electric PLC,엔벤트 일렉트릭,Industrials
BURL,Burlington Stores Inc,벌링턴 스토어스,Consumer Cyclical
CPAY,Corpay Inc,코페이,Technology
CDE,Coeur Mining  Inc,코어 마이닝,Basic Materials
ALB,Albemarle Corp,앨버말,Basic Materials
AS,Amer Sports Inc,아머 스포츠,Consumer Cyclical
AGI,Alamos Gold Inc,알라모스 골드,Basic Materials
USFD,US Foods Holding Corp,US 푸즈 홀딩,Consumer Defensive
SNA,Snap-On Inc,스냅온,Industrials
PSTG,Everpure Inc,에버퓨어,Technology
BCH,Banco de Chile ADR,방코 데 칠레 ADR,Financial Services
JBS,Jbs NV,JBS,Consumer Defensive
LUV,Southwest Airlines Co,사우스웨스트 항공,Industrials
LDOS,Leidos Holdings Inc,레이도스 홀딩스,Technology
IP,International Paper Co,인터내셔널 페이퍼,Consumer Cyclical
DD,Dupont De Nemours Inc,듀폰 드 느무르,Basic Materials
AMCR,Amcor PLC,앰코어,Consumer Cyclical
AA,Alcoa Corp,알코아,Basic Materials
GIS,General Mills Inc,제너럴 밀스,Consumer Defensive
EXPD,Expeditors International of Washington Inc,익스피다이터스 인터내셔널 오브 워싱턴,Industrials
ITT,ITT Inc,ITT,Industrials
ZTO,ZTO Express (Cayman) Inc ADR,지티오 익스프레스 ADR,Industrials
APG,APi Group Corp,에이피아이 그룹,Industrials
PKX,Posco Holdings Inc ADR,포스코홀딩스 ADR,Basic Materials
LEN,Lennar Corp Class A,레나 클래스 A,Consumer Cyclical
KEP,Korea Electric Power Corp ADR,한국전력 ADR,Utilities
BBDO,Banco Bradesco ADS Representing 1 Ord Shs,방쿠 브라데스코 ADS 보통주 1주 대표,Financial Services
NVR,NVR Inc,엔브이알,Consumer Cyclical
TU,Telus Corporation,텔러스,Communication Services
RBC,RBC Bearings Inc,알비씨 베어링스,Industrials
DKS,DICK'S Sporting Goods Inc,딕스 스포팅 굿즈,Consumer Cyclical
IFF,International Flavors & Fragrances Inc,인터내셔널 플레이버스 앤드 프래그런스,Basic Materials
WST,West Pharmaceutical Services Inc,웨스트 파마슈티컬 서비스,Healthcare
HEI.A,HEICO Corp Class A,헤이코 클래스 A,Unknown
RBA,RB Global Inc,RB 글로벌,Industrials
PKG,Packaging Corp of America,패키징 코프 오브 아메리카,Consumer Cyclical
FTV,Fortive Corp,포티브,Technology
TLK,Telkom Indonesia (Persero) Tbk PT ADR,텔콤 인도네시아 ADR,Communication Services
CF,CF Industries Holdings Inc,CF 인더스트리스 홀딩스,Basic Materials
BEKE,Ke Holdings Inc ADR,KE 홀딩스 ADR,Real Estate
CNC,Centene Corp,센틴,Healthcare
CX,Cemex SAB de CV ADR,세멕스 ADR,Basic Materials
ZBH,Zimmer Biomet Holdings  Inc,짐머 바이오멧 홀딩스,Healthcare
WY,Weyerhaeuser Co,웨이어하우저,Real Estate
FLUT,Flutter Entertainment PLC,플러터 엔터테인먼트,Consumer Cyclical
GPN,Global Payments Inc,글로벌 페이먼츠,Industrials
BR,Broadridge Financial Solutions Inc,브로드리지 파이낸셜 솔루션스,Technology
YUMC,Yum China Holdings Inc,얌 차이나 홀딩스,Consumer Cyclical
TWLO,Twilio Inc,트윌리오,Technology
PR,Permian Resources Corp,퍼미안 리소시스,Energy
THC,Tenet Healthcare Corp,테닛 헬스케어,Healthcare
WF,Woori Financial Group Inc ADR,우리금융그룹 ADR,Financial Services
HPQ,HP Inc,HP,Technology
LII,Lennox International Inc,레녹스 인터내셔널,Industrials
YPF,YPF SA ADR,YPF ADR,Energy
RTO,Rentokil Initial PLC ADR,렌토킬 이니셜 ADR,Industrials
ULS,UL Solutions Inc,UL 솔루션즈,Industrials
BALL,Ball Corp,볼,Consumer Cyclical
BSAC,Banco Santander Chile ADR,방코 산탄데르 칠레 ADR,Financial Services
XPEV,Xpeng Inc ADR,샤오펑 ADR,Consumer Cyclical
RS,Reliance Inc,릴라이언스,Basic Materials
SGI,Somnigroup International Inc,솜니그룹 인터내셔널,Consumer Cyclical
EMA,Emera Inc,에머라,Utilities
ESS,Essex Property Trust Inc,에식스 프로퍼티 트러스트,Real Estate
SNX,TD Synnex Corp,TD 시넥스,Technology
SN,Sharkninja Inc,샤크닌자,Consumer Cyclical
MGA,Magna International Inc,마그나 인터내셔널,Consumer Cyclical
OVV,Ovintiv Inc,오빈티브,Energy
HEI,HEICO Corp,헤이코,Industrials
TXT,Textron Inc,텍스트론,Industrials
CLH,Clean Harbors Inc,클린 하버스,Industrials
GFL,GFL Environmental Inc,GFL 인바이런멘털,Industrials
SUI,Sun Communities Inc,선 커뮤니티스,Real Estate
NLY,Annaly Capital Management Inc,애널리 캐피털 매니지먼트,Real Estate
WPC,W.p. Carey Inc,W. P. 캐리,Real Estate
QXO,QXO Inc,QXO,Industrials
INVH,Invitation Homes Inc,인비테이션 홈스,Real Estate
NIO,NIO Inc ADR,니오 ADR,Consumer Cyclical
KIM,Kimco Realty Corp,킴코 리얼티,Real Estate
LTM,LATAM Airlines Group SA ADR,LATAM 항공 그룹 ADR,Industrials
HII,Huntington Ingalls Industries Inc,헌팅턴 잉걸스 인더스트리스,Industrials
DECK,Deckers Outdoor Corp,데커스 아웃도어,Consumer Cyclical
WLK,Westlake Corp,웨스트레이크,Basic Materials
GPC,Genuine Parts Co,제뉴인 파츠,Consumer Cyclical
IOT,Samsara Inc,삼사라,Technology
GIB,CGI Inc,CGI,Technology
TOST,Toast Inc,토스트,Technology
JLL,Jones Lang LaSalle Inc,존스 랭 라살,Real Estate
IEX,IDEX Corp,아이덱스,Industrials
H,Hyatt Hotels Corp,하얏트 호텔스,Consumer Cyclical
MAA,Mid-America Apartment Communities Inc,미드아메리카 아파트먼트 커뮤니티스,Real Estate
GGG,Graco Inc,그레이코,Industrials
PNR,Pentair PLC,펜테어,Industrials
TME,Tencent Music Entertainment Group ADR,텐센트 뮤직 엔터테인먼트 그룹 ADR,Communication Services
WCC,Wesco International Inc,웨스코 인터내셔널,Industrials
J,Jacobs Solutions Inc,제이콥스 솔루션스,Industrials
CNH,CNH Industrial NV,CNH 인더스트리얼,Industrials
SNN,Smith & Nephew PLC ADR,스미스앤드네퓨 ADR,Healthcare
RCI,Rogers Communications Inc,로저스 커뮤니케이션스,Communication Services
CSL,Carlisle Companies Inc,칼라일 컴퍼니스,Industrials
WSO,Watsco Inc,왓츠코,Industrials
RPM,RPM International Inc,RPM 인터내셔널,Basic Materials
PNFP,Pinnacle Financial Partners Inc,피너클 파이낸셜 파트너스,Financial Services
EVR,Evercore Inc,에버코어,Financial Services
RRX,Regal Rexnord Corp,리갈 렉스노드,Industrials
DTM,DT Midstream Inc,DT 미드스트림,Energy
PFGC,Performance Food Group Co,퍼포먼스 푸드 그룹,Consumer Defensive
SKM,SK Telecom Co Ltd ADR,SK텔레콤 ADR,Communication Services
OHI,Omega Healthcare Investors Inc,오메가 헬스케어 인베스터스,Real Estate
TYL,Tyler Technologies Inc,타일러 테크놀로지스,Technology
TRU,TransUnion,트랜스유니온,Financial Services
RGA,Reinsurance Group of America Inc,리인슈어런스 그룹 오브 아메리카,Financial Services
EG,Everest Group Ltd,에베레스트 그룹,Financial Services
TIMB,Tim SA ADR,팀 ADR,Communication Services
BBY,Best Buy Co Inc,베스트바이,Consumer Cyclical
MLI,Mueller Industries Inc,뮬러 인더스트리스,Industrials
AVY,Avery Dennison Corp,에이버리 데니슨,Consumer Cyclical
MKC,McCormick & Co Non-Voting Ord Shs,맥코믹 비의결권 보통주,Consumer Defensive
FMS,Fresenius Medical Care AG ADR,프레제니우스 메디컬 케어 ADR,Healthcare
TOL,Toll Brothers Inc,톨 브라더스,Consumer Cyclical
NYT,New York Times Co,뉴욕타임스,Communication Services
RNR,Renaissancere Holdings Ltd,르네상스리 홀딩스,Financial Services
BEN,Franklin Resources Inc,프랭클린 리소시스,Financial Services
CLX,Clorox Co,클로락스,Consumer Defensive
HL,Hecla Mining Co,헥클라 마이닝,Basic Materials
PEN,Penumbra Inc,페넘브라,Healthcare
FNF,Fidelity National Financial Inc,피델리티 내셔널 파이낸셜,Financial Services
MAS,Masco Corp,마스코,Industrials
ALLY,Ally Financial Inc,앨리 파이낸셜,Financial Services
CNA,CNA Financial Corp,CNA 파이낸셜,Financial Services
OWL,Blue Owl Capital Inc,블루 아울 캐피털,Financial Services
APTV,APTIV PLC,앱티브,Consumer Cyclical
ONTO,Onto Innovation Inc,온투 이노베이션,Technology
MOD,Modine Manufacturing Co,모딘 매뉴팩처링,Consumer Cyclical
PNW,Pinnacle West Capital Corp,피너클 웨스트 캐피털,Utilities
ALLE,Allegion PLC,알레지온,Industrials
ELS,Equity LifeStyle Properties Inc,에쿼티 라이프스타일 프로퍼티스,Real Estate
GMED,Globus Medical Inc,글로버스 메디컬,Healthcare
UNM,Unum Group,유넘 그룹,Financial Services
EMBJ,Embraer SA ADR,엠브라에르 ADR,Industrials
GNRC,Generac Holdings Inc,제너락 홀딩스,Industrials
CACI,CACI International Inc,CACI 인터내셔널,Technology
JHX,James Hardie Industries PLC,제임스 하디 인더스트리스,Basic Materials
CCK,Crown Holdings Inc,크라운 홀딩스,Consumer Cyclical
PL,Planet Labs PBC,플래닛 랩스 PBC,Industrials
SQM,Sociedad Quimica y Minera de Chile SA ADR,소시에다드 키미카 이 미네라 데 칠레 ADR,Basic Materials
SF,Stifel Financial Corp,스티펠 파이낸셜,Financial Services
BJ,BJ's Wholesale Club Holdings Inc,비제이스 홀세일 클럽 홀딩스,Consumer Defensive
AEG,Aegon Ltd ADR,에이곤 ADR,Financial Services
DY,Dycom Industries Inc,다이콤 인더스트리스,Industrials
SUZ,Suzano SA ADR,수자누 ADR,Basic Materials
DOC,Healthpeak Properties Inc,헬스피크 프로퍼티스,Real Estate
ELAN,Elanco Animal Health Inc,엘랑코 애니멀 헬스,Healthcare
IAG,IAMGOLD Corp,IAM골드,Basic Materials
WTRG,Essential Utilities Inc,에센셜 유틸리티스,Utilities
WBS,Webster Financial Corp,웹스터 파이낸셜,Financial Services
WMS,Advanced Drainage Systems Inc,어드밴스드 드레이니지 시스템즈,Industrials
AR,Antero Resources Corp,앤테로 리소시스,Energy
HRL,Hormel Foods Corp,호멜 푸즈,Consumer Defensive
FHN,First Horizon Corp,퍼스트 호라이즌,Financial Services
GL,Globe Life Inc,글로브 라이프,Financial Services
ARMK,Aramark,아라마크,Industrials
SOLV,Solventum Corp,솔벤텀,Healthcare
SCI,Service Corporation International,서비스 코퍼레이션 인터내셔널,Consumer Cyclical
UDR,UDR Inc,UDR,Real Estate
SWK,Stanley Black & Decker Inc,스탠리 블랙앤드데커,Industrials
BWA,Borgwarner Inc,보그워너,Consumer Cyclical
UHS,Universal Health Services Inc,유니버설 헬스 서비스,Healthcare
CRBG,Corebridge Financial Inc,코어브리지 파이낸셜,Financial Services
RDY,Dr Reddy's Laboratories Ltd ADR,닥터 레디스 래버러토리스 ADR,Healthcare
ONON,On Holding AG,온 홀딩 AG,Consumer Cyclical
KRMN,Karman Holdings Inc,카르만 홀딩스,Industrials
AIZ,Assurant Inc,어슈어런트,Financial Services
CHWY,Chewy Inc,츄이,Consumer Cyclical
ACM,AECOM,에이컴,Industrials
FLS,Flowserve Corp,플로우서브,Industrials
AFG,American Financial Group Inc,아메리칸 파이낸셜 그룹,Financial Services
BLD,TopBuild Corp,탑빌드,Industrials
AMH,American Homes 4 Rent,아메리칸 홈스 포 렌트,Real Estate
CR,Crane Co,크레인,Industrials
KT,KT Corp ADR,KT ADR,Communication Services
PAC,Grupo Aeroportuario del Pacifico SAB de CV ADR,그루포 아에로포르투아리오 델 파시피코 ADR,Industrials
SPXC,SPX Technologies Inc,SPX 테크놀로지스,Industrials
EQH,Equitable Holdings Inc,에퀴터블 홀딩스,Financial Services
ASR,Grupo Aeroportuario del Sureste SAB de CV ADR,그루포 아에로포르투아리오 델 수레스테 ADR,Industrials
AIT,Applied Industrial Technologies Inc,어플라이드 인더스트리얼 테크놀로지스,Industrials
GIL,Gildan Activewear Inc,길단 액티브웨어,Consumer Cyclical
ALSN,Allison Transmission Holdings Inc,앨리슨 트랜스미션 홀딩스,Consumer Cyclical
EHC,Encompass Health Corp,인컴패스 헬스,Healthcare
GDDY,GoDaddy Inc,고대디,Technology
HUBS,HubSpot Inc,허브스팟,Technology
IONQ,IONQ Inc,아이온큐,Technology
CPT,Camden Property Trust,캠던 프로퍼티 트러스트,Real Estate
BVN,Compania de Minas Buenaventura SAA ADR,부에나벤투라 ADR,Basic Materials
IVZ,Invesco Ltd,인베스코,Financial Services
AM,Antero Midstream Corp,안테로 미드스트림,Energy
GWRE,Guidewire Software Inc,가이드와이어 소프트웨어,Technology
HLI,Houlihan Lokey Inc,훌리한 로키,Financial Services
HMY,Harmony Gold Mining Company Ltd ADR,하모니 골드 마이닝 ADR,Basic Materials
EGP,Eastgroup Properties Inc,이스트그룹 프로퍼티스,Real Estate
DCI,Donaldson Company Inc,도널드슨,Industrials
AES,AES Corp,AES,Utilities
OGE,OGE Energy Corp,OGE 에너지,Utilities
PAG,Penske Automotive Group Inc,펜스키 오토모티브 그룹,Consumer Cyclical
PINS,Pinterest Inc,핀터레스트,Communication Services
TFII,TFI International Inc,TFI 인터내셔널,Industrials
AG,First Majestic Silver Corp,퍼스트 매제스틱 실버,Basic Materials
GME,GameStop Corp,게임스톱,Consumer Cyclical
DINO,HF Sinclair Corp,HF 싱클레어,Energy
WTS,Watts Water Technologies Inc,와츠 워터 테크놀로지스,Industrials
RVTY,Revvity Inc,레비티,Healthcare
IT,Gartner Inc,가트너,Technology
CAVA,CAVA Group Inc,카바 그룹,Consumer Cyclical
MP,MP Materials Corp,MP 머티리얼스,Basic Materials
ORI,Old Republic International Corp,올드 리퍼블릭 인터내셔널,Financial Services
DVA,DaVita Inc,다비타,Healthcare
STN,Stantec Inc,스탠텍,Industrials
GTLS,Chart Industries Inc,차트 인더스트리스,Industrials
CNM,Core & Main Inc,코어 앤드 메인,Industrials
RRC,Range Resources Corp,레인지 리소시스,Energy
KNX,Knight-Swift Transportation Holdings Inc,나이트-스위프트 트랜스포테이션 홀딩스,Industrials
ELPC,Companhia Paranaense de Energia ADR,코펠 ADR,Utilities
EDU,New Oriental Education & Technology Group Inc ADR,뉴오리엔탈 에듀케이션 앤드 테크놀로지 그룹 ADR,Consumer Defensive
SJM,J M Smucker Co,J M 스머커,Consumer Defensive
DAR,Darling Ingredients Inc,달링 인그리디언츠,Consumer Defensive
OSK,Oshkosh Corp,오시코시,Industrials
BMNR,Bitmine Immersion Technologies Inc,비트마인 이머전 테크놀로지스,Financial Services
DT,Dynatrace Inc,다이나트레이스,Technology
SSB,SouthState Bank Corp,사우스스테이트 뱅크,Financial Services
GAP,Gap Inc,갭,Consumer Cyclical
FPS,Forgent Power Solutions  Inc,포전트 파워 솔루션스,Industrials
HBM,Hudbay Minerals Inc,허드베이 미네랄스,Basic Materials
FIG,Figma Inc,피그마,Technology
AHR,American Healthcare REIT Inc,아메리칸 헬스케어 리츠,Real Estate
BLDR,Builders FirstSource Inc,빌더스 퍼스트소스,Industrials
TTC,Toro Co,토로,Industrials
BAH,Booz Allen Hamilton Holding Corp,부즈 앨런 해밀턴 홀딩,Industrials
MGM,MGM Resorts International,MGM 리조트 인터내셔널,Consumer Cyclical
W,Wayfair Inc,웨이페어,Consumer Cyclical
ADC,Agree Realty Corp,어그리 리얼티,Real Estate
DDS,Dillard's Inc,딜라드스,Consumer Cyclical
FRT,Federal Realty Investment Trust,페더럴 리얼티 인베스트먼트 트러스트,Real Estate
SBSW,Sibanye Stillwater Ltd ADR,시반예 스틸워터 ADR,Basic Materials
JEF,Jefferies Financial Group Inc,제프리스 파이낸셜 그룹,Financial Services
AOS,A O Smith Corp,A O 스미스,Industrials
OC,Owens Corning,오언스 코닝,Industrials
U,Unity Software Inc,유니티 소프트웨어,Technology
BROS,Dutch Bros Inc,더치 브로스,Consumer Cyclical
RYAN,Ryan Specialty Holdings Inc,라이언 스페셜티 홀딩스,Financial Services
RBRK,Rubrik Inc,루브릭,Technology
NCLH,Norwegian Cruise Line Holdings Ltd,노르웨이지안 크루즈 라인 홀딩스,Consumer Cyclical
ESI,Element Solutions Inc,엘리먼트 솔루션스,Basic Materials
BRX,Brixmor Property Group Inc,브릭스모어 프로퍼티 그룹,Real Estate
MUSA,Murphy USA Inc,머피 USA,Consumer Cyclical
CFR,Cullen/Frost Bankers Inc,컬런/프로스트 뱅커스,Financial Services
NFG,National Fuel Gas Co,내셔널 퓨얼 가스,Energy
BAX,Baxter International Inc,박스터 인터내셔널,Healthcare
SARO,StandardAero  Inc.,스탠더드에어로,Industrials
MICC,Magnum Ice Cream Company NV,매그넘 아이스크림 컴퍼니,Consumer Defensive
AGCO,AGCO Corp,AGCO,Industrials
CAE,CAE Inc,CAE,Industrials
PRIM,Primoris Services Corp,프리모리스 서비스,Industrials
CUBE,CubeSmart,큐브스마트,Real Estate
MOG.A,Moog Inc Class A,무그 클래스 A,Unknown
ACI,Albertsons Companies Inc,앨버트슨 컴퍼니스,Consumer Defensive
BF.B,Brown-Forman Corp Class B,브라운-포맨 클래스 B,Unknown
CTRE,CareTrust REIT Inc,케어트러스트 리츠,Real Estate
LEVI,Levi Strauss & Co,리바이 스트라우스,Consumer Cyclical
YMM,Full Truck Alliance Co Ltd ADR,풀 트럭 얼라이언스 ADR,Technology
OKLO,Oklo Inc,오클로,Utilities
CRL,Charles River Laboratories International Inc,찰스 리버 래버러토리스 인터내셔널,Healthcare
R,Ryder System Inc,라이더 시스템,Industrials
DOCN,DigitalOcean Holdings Inc,디지털오션 홀딩스,Technology
QGEN,Qiagen NV,키아겐,Healthcare
AGX,Argan Inc,아건,Industrials
CIB,Grupo Cibest SA ADR,그루포 시베스트 ADR,Financial Services
ATR,Aptargroup Inc,앱타그룹,Healthcare
EMN,Eastman Chemical Co,이스트먼 케미컬,Basic Materials
AYI,Acuity Inc,어큐이티,Industrials
BXP,BXP Inc,BXP,Real Estate
NNN,NNN REIT Inc,NNN 리츠,Real Estate
WAL,Western Alliance Bancorp,웨스턴 얼라이언스 뱅코프,Financial Services
VMI,Valmont Industries Inc,발몬트 인더스트리스,Industrials
TX,Ternium SA ADR,테르니움 ADR,Basic Materials
ALV,Autoliv Inc,오토리브,Consumer Cyclical
SNAP,Snap Inc,스냅,Communication Services
JOBY,Joby Aviation Inc,조비 에이비에이션,Industrials
PSO,Pearson PLC ADR,피어슨 ADR,Communication Services
IDA,Idacorp Inc,아이다코프,Utilities
PRI,Primerica Inc,프라이메리카,Financial Services
UGI,UGI Corp,UGI,Utilities
UHAL.B,U-Haul Holding Co Series N,유홀 홀딩 시리즈 N,Unknown
HESM,Hess Midstream LP,헤스 미드스트림,Energy
KNSL,Kinsale Capital Group Inc,킨세일 캐피털 그룹,Financial Services
ARW,Arrow Electronics Inc,애로 일렉트로닉스,Technology
ZWS,Zurn Elkay Water Solutions Corp,저언 엘케이 워터 솔루션스,Industrials
FR,First Industrial Realty Trust Inc,퍼스트 인더스트리얼 리얼티 트러스트,Real Estate
ESE,ESCO Technologies Inc,에스코 테크놀로지스,Technology
MOS,Mosaic Co,모자이크,Basic Materials
JHG,Janus Henderson Group PLC,재너스 헨더슨 그룹,Financial Services
MSGS,Madison Square Garden Sports Corp,매디슨 스퀘어 가든 스포츠,Communication Services
NE,Noble Corporation PLC,노블 코퍼레이션,Energy
TAP,Molson Coors Beverage Co Class B,몰슨 쿠어스 베버리지 클래스 B,Consumer Defensive
LUMN,Lumen Technologies Inc,루멘 테크놀로지스,Communication Services
FDS,Factset Research Systems Inc,팩트셋 리서치 시스템즈,Financial Services
FRO,Frontline PLC,프론트라인,Energy
REXR,Rexford Industrial Realty Inc,렉스포드 인더스트리얼 리얼티,Real Estate
IBP,Installed Building Products Inc,인스톨드 빌딩 프로덕츠,Consumer Cyclical
SSL,Sasol Ltd ADR,사솔 ADR,Basic Materials
OGC,OceanaGold Corp,오세아나골드,Basic Materials
BEPC,Brookfield Renewable Corp,브룩필드 리뉴어블,Utilities
ARE,Alexandria Real Estate Equities Inc,알렉산드리아 리얼에스테이트 에쿼티즈,Real Estate
MOH,Molina Healthcare Inc,몰리나 헬스케어,Healthcare
KNTK,Kinetik Holdings Inc,키네틱 홀딩스,Energy
VIRT,Virtu Financial Inc,버투 파이낸셜,Financial Services
AMG,Affiliated Managers Group Inc,어필리에이티드 매니저스 그룹,Financial Services
KEX,Kirby Corp,커비,Industrials
TKR,Timken Co,팀켄,Industrials
AWI,Armstrong World Industries Inc,암스트롱 월드 인더스트리즈,Industrials
MTDR,Matador Resources Co,마타도어 리소시스,Energy
AXS,AXIS Capital Holdings Ltd,액시스 캐피털 홀딩스,Financial Services
CAG,Conagra Brands Inc,코나그라 브랜즈,Consumer Defensive
TFPM,Triple Flag Precious Metals Corp,트리플 플래그 프레셔스 메탈스,Basic Materials
CMC,Commercial Metals Co,커머셜 메탈스,Industrials
SSD,Simpson Manufacturing Co Inc,심프슨 매뉴팩처링,Basic Materials
INGR,Ingredion Inc,인그리디언,Consumer Defensive
TEX,Terex Corp,테렉스,Industrials
VIPS,Vipshop Holdings Ltd ADR,VIP숍 홀딩스 ADR,Consumer Cyclical
STAG,STAG Industrial Inc,스태그 인더스트리얼,Real Estate
RIG,Transocean Ltd,트랜스오션,Energy
JXN,Jackson Financial Inc,잭슨 파이낸셜,Financial Services
PRMB,Primo Brands Corp,프리모 브랜즈,Consumer Defensive
CWAN,Clearwater Analytics Holdings Inc,클리어워터 애널리틱스 홀딩스,Technology
EGO,Eldorado Gold Corp,엘도라도 골드,Basic Materials
NXE,Nexgen Energy Ltd,넥스젠 에너지,Energy
PCOR,Procore Technologies Inc,프로코어 테크놀로지스,Technology
VFC,VF Corp,브이에프,Consumer Cyclical
NOV,Nov Inc,엔오브이,Energy
FLR,Fluor Corp,플루어,Industrials
BIRK,Birkenstock Holding PLC,버켄스탁 홀딩,Consumer Cyclical
CE,Celanese Corp,셀라니즈,Basic Materials
ORA,Ormat Technologies Inc,오마트 테크놀로지스,Utilities
PB,Prosperity Bancshares  Inc,프로스페리티 뱅크셰어스,Financial Services
ENS,EnerSys,에너시스,Industrials
SOBO,South Bow Corp,사우스 보,Energy
FSS,Federal Signal Corp,페더럴 시그널,Industrials
GKOS,Glaukos Corp,글라우코스,Healthcare
TRNO,Terreno Realty Corp,테레노 리얼티,Real Estate
GATX,GATX Corp,지에이티엑스,Industrials
AN,AutoNation Inc,오토네이션,Consumer Cyclical
EPRT,Essential Properties Realty Trust Inc,에센셜 프로퍼티스 리얼티 트러스트,Real Estate
VIST,Vista Energy SAB de CV ADR,비스타 에너지 ADR,Energy
JBTM,JBT Marel Corp,JBT 마렐,Industrials
SM,SM Energy Co,SM 에너지,Energy
ICL,ICL Group Ltd,아이씨엘 그룹,Basic Materials
VAL,Valaris Ltd,발라리스,Energy
EAT,Brinker International Inc,브링커 인터내셔널,Consumer Cyclical
TAL,TAL Education Group ADR,TAL 에듀케이션 그룹 ADR,Consumer Defensive
BBUC,Brookfield Business Holdings Corp,브룩필드 비즈니스 홀딩스,Industrials
ECG,Everus Construction Group Inc,에버러스 컨스트럭션 그룹,Industrials
SWX,Southwest Gas Holdings Inc,사우스웨스트 가스 홀딩스,Utilities
MSA,MSA Safety Inc,엠에스에이 세이프티,Industrials
OMF,OneMain Holdings Inc,원메인 홀딩스,Financial Services
STWD,Starwood Property Trust Inc,스타우드 프로퍼티 트러스트,Real Estate
BYD,Boyd Gaming Corp,보이드 게이밍,Consumer Cyclical
LNC,Lincoln National Corp,링컨 내셔널,Financial Services
FAF,First American Financial Corp,퍼스트 아메리칸 파이낸셜,Financial Services
RYN,Rayonier Inc,레이오니어,Real Estate
VOYA,Voya Financial Inc,보야 파이낸셜,Financial Services
EPAM,Epam Systems Inc,이팸 시스템즈,Technology
WH,Wyndham Hotels & Resorts Inc,윈덤 호텔스 앤 리조트,Consumer Cyclical
KMX,Carmax Inc,카맥스,Consumer Cyclical
GTES,Gates Industrial Corporation PLC,게이츠 인더스트리얼 코퍼레이션,Industrials
TXNM,TXNM Energy Inc,티엑스엔엠 에너지,Utilities
AMTM,Amentum Holdings Inc,아멘텀 홀딩스,Industrials
GXO,GXO Logistics Inc,지엑스오 로지스틱스,Industrials
LEA,Lear Corp,리어,Consumer Cyclical
YOU,Clear Secure Inc,클리어 시큐어,Technology
UGP,Ultrapar Participacoes SA ADR,울트라파르 파르티시파코에스 ADR,Energy
RHP,Ryman Hospitality Properties Inc,라이먼 호스피털리티 프로퍼티스,Real Estate
MHK,Mohawk Industries Inc,모호크 인더스트리즈,Consumer Cyclical
FNB,FNB Corp,에프엔비,Financial Services
HXL,Hexcel Corp,헥셀,Industrials
GBCI,Glacier Bancorp Inc,글레이셔 뱅코프,Financial Services
INGM,Ingram Micro Holding Corp,잉그램 마이크로 홀딩,Technology
THG,Hanover Insurance Group Inc,하노버 인슈어런스 그룹,Financial Services
POR,Portland General Electric Co,포틀랜드 제너럴 일렉트릭,Utilities
EXP,Eagle Materials Inc,이글 머티리얼스,Basic Materials
AROC,Archrock Inc,아치록,Energy
LAD,Lithia Motors Inc,리시아 모터스,Consumer Cyclical
SEE,Sealed Air Corp,실드 에어,Consumer Cyclical
AXTA,Axalta Coating Systems Ltd,액설타 코팅 시스템즈,Basic Materials
ESAB,ESAB Corp,에사브,Industrials
PSN,Parsons Corp,파슨스,Technology
BIO,Bio Rad Laboratories Inc Class A,바이오래드 래버러토리스 클래스 A,Healthcare
HR,Healthcare Realty Trust Inc,헬스케어 리얼티 트러스트,Real Estate
LTH,Life Time Group Holdings  Inc,라이프 타임 그룹 홀딩스,Consumer Cyclical
ENIC,Enel Chile SA ADR,에넬 칠레 ADR,Utilities
UWMC,UWM Holdings Corp,UWM 홀딩스,Financial Services
NEU,NewMarket Corp,뉴마켓,Basic Materials
LOAR,Loar Holdings Inc,로어 홀딩스,Industrials
MTG,MGIC Investment Corp,MGIC 인베스트먼트,Financial Services
SITE,SiteOne Landscape Supply Inc,사이트원 랜드스케이프 서플라이,Industrials
G,Genpact Ltd,젠팩트,Technology
PJT,PJT Partners Inc,PJT 파트너스,Financial Services
BLCO,Bausch + Lomb Corp,보슈롬,Healthcare
PIPR,Piper Sandler Companies,파이퍼 샌들러,Financial Services
CRC,California Resources Corp,캘리포니아 리소시스,Energy
NPO,Enpro Inc,엔프로,Industrials
FLG,Flagstar Bank NA,플래그스타 뱅크,Financial Services
LW,Lamb Weston Holdings Inc,램 웨스턴 홀딩스,Consumer Defensive
TMHC,Taylor Morrison Home Corp,테일러 모리슨 홈,Consumer Cyclical
ESNT,Essent Group Ltd,에센트 그룹,Financial Services
DLB,Dolby Laboratories Inc,돌비 래버러토리스,Industrials
NJR,New Jersey Resources Corp,뉴저지 리소시스,Utilities
REZI,Resideo Technologies Inc,레지디오 테크놀로지스,Industrials
GOLF,Acushnet Holdings Corp,어쿠시넷 홀딩스,Consumer Cyclical
IFS,Intercorp Financial Services Inc,인터코프 파이낸셜 서비스,Financial Services
WTM,White Mountains Insurance Group Ltd,화이트 마운틴스 인슈어런스 그룹,Financial Services
BIPC,Brookfield Infrastructure Corp,브룩필드 인프라스트럭처,Utilities
HOMB,Home BancShares Inc,홈 뱅크셰어즈,Financial Services
CHE,Chemed Corp,케메드,Healthcare
ABCB,Ameris Bancorp,아메리스 뱅코프,Financial Services
OGS,ONE Gas Inc,원 가스,Utilities
PLNT,Planet Fitness Inc,플래닛 피트니스,Consumer Cyclical
FND,Floor & Decor Holdings Inc,플로어 앤드 데코 홀딩스,Consumer Cyclical
PACS,Pacs Group Inc,팩스 그룹,Healthcare
TKC,Turkcell Iletisim Hizmetleri AS ADR,튀르크셀 ADR,Communication Services
ST,Sensata Technologies Holding PLC,센사타 테크놀로지스 홀딩,Technology
BKH,Black Hills Corp,블랙 힐스,Utilities
SON,Sonoco Products Co,소노코 프로덕츠,Consumer Cyclical
SR,Spire Inc,스파이어,Utilities
KOF,Coca-Cola Femsa SAB de CV ADR,코카콜라 펨사 ADR,Consumer Defensive
ADT,ADT Inc,ADT,Industrials
GVA,Granite Construction Inc,그래닛 컨스트럭션,Industrials
RITM,Rithm Capital Corp,리듬 캐피털,Real Estate
AUB,Atlantic Union Bankshares Corp,애틀랜틱 유니언 뱅크셰어즈,Financial Services
MGY,Magnolia Oil & Gas Corp,매그놀리아 오일 앤드 가스,Energy
CNX,Cnx Resources Corp,씨엔엑스 리소시스,Energy
ACA,Arcosa Inc,아르코사,Industrials
WEX,WEX Inc,웩스,Technology
MUR,Murphy Oil Corp,머피 오일,Energy
MAC,Macerich Co,메이서리치,Real Estate
FCN,FTI Consulting Inc,FTI 컨설팅,Industrials
AVTR,Avantor Inc,아반토르,Healthcare
MSM,MSC Industrial Direct Co Inc,MSC 인더스트리얼 다이렉트,Industrials
OBDC,Blue Owl Capital Corp,블루 아울 캐피털,Financial Services
KGS,Kodiak Gas Services Inc,코디악 가스 서비스,Energy
PAYC,Paycom Software Inc,페이콤 소프트웨어,Technology
GGB,Gerdau SA ADR,게르다우 ADR,Basic Materials
BLSH,Bullish,불리시,Technology
QBTS,D-Wave Quantum Inc,디웨이브 퀀텀,Technology
LPX,Louisiana-Pacific Corp,루이지애나 퍼시픽,Industrials
RLI,RLI Corp,RLI,Financial Services
SGHC,SGHC Ltd,에스지에이치씨,Consumer Cyclical
TFX,Teleflex Inc,텔레플렉스,Healthcare
COMP,Compass Inc,컴퍼스,Real Estate
CWEN,Clearway Energy Inc Class C,클리어웨이 에너지 클래스 C,Utilities
VNT,Vontier Corp,본티어,Technology
CLF,Cleveland-Cliffs Inc,클리블랜드 클리프스,Basic Materials
AX,Axos Financial Inc,액소스 파이낸셜,Financial Services
MATX,Matson Inc,맷슨,Industrials
KVYO,Klaviyo Inc,클라비요,Technology
OTF,Blue Owl Technology Finance Corp,블루 아울 테크놀로지 파이낸스,Financial Services
ATMU,Atmus Filtration Technologies Inc,애트머스 필트레이션 테크놀로지스,Consumer Cyclical
OUT,OUTFRONT Media Inc,아웃프런트 미디어,Real Estate
WFG,West Fraser Timber Co Ltd,웨스트 프레이저 팀버,Basic Materials
TDS,Telephone and Data Systems Inc,텔레폰 앤드 데이터 시스템즈,Communication Services
BF.A,Brown-Forman Corp Class A,브라운-포맨 클래스 A,Unknown
CRK,Comstock Resources Inc,컴스톡 리소시스,Energy
KRG,Kite Realty Group Trust,카이트 리얼티 그룹 트러스트,Real Estate
MCY,Mercury General Corp,머큐리 제너럴,Financial Services
CIG,Companhia Energetica Minas Gerais ADR Repstg One Pref Shs,시미그 ADR,Utilities
CHH,Choice Hotels International Inc,초이스 호텔스 인터내셔널,Consumer Cyclical
BMA,Banco Macro SA ADR,방코 마크로 ADR,Financial Services
ETSY,ETSY Inc,엣시,Consumer Cyclical
VNO,Vornado Realty Trust,보나도 리얼티 트러스트,Real Estate
BC,Brunswick Corp,브런즈윅,Consumer Cyclical
M,Macy's Inc,메이시스,Consumer Cyclical
MRP,Millrose Properties Inc,밀로즈 프로퍼티스,Real Estate
BDC,Belden Inc,벨덴,Technology
PATH,UiPath Inc,유아이패스,Technology
RAL,Ralliant Corp,랠리언트,Technology
MNSO,MINISO Group Holding Ltd ADR,미니소 그룹 홀딩 ADR,Consumer Cyclical
KLAR,Klarna Group PLC,클라르나 그룹,Technology
RSI,Rush Street Interactive Inc,러시 스트리트 인터랙티브,Consumer Cyclical
LB,LandBridge Co LLC,랜드브리지,Energy
HASI,HA Sustainable Infrastructure Capital Inc,HA 서스테이너블 인프라스트럭처 캐피털,Financial Services
CPA,Copa Holdings SA,코파 홀딩스,Industrials
SNDR,Schneider National Inc,슈나이더 내셔널,Industrials
POST,Post Holdings Inc,포스트 홀딩스,Consumer Defensive
AQN,Algonquin Power & Utilities Corp,알곤퀸 파워 앤 유틸리티스,Utilities
FBIN,Fortune Brands Innovations Inc,포춘 브랜드 이노베이션스,Industrials
KNF,Knife River Corp,나이프 리버,Basic Materials
MAIN,Main Street Capital Corp,메인 스트리트 캐피털,Financial Services
MIR,Mirion Technologies Inc,미리온 테크놀로지스,Industrials
MC,Moelis & Co,모엘리스,Financial Services
AIR,AAR Corp,AAR,Industrials
GHC,Graham Holdings Co,그레이엄 홀딩스,Consumer Defensive
NNI,Nelnet Inc,넬넷,Financial Services
PBF,PBF Energy Inc,PBF 에너지,Energy
TNL,Travel + Leisure Co,트래블 앤 레저,Consumer Cyclical
CSW,CSW Industrials Inc,CSW 인더스트리얼스,Industrials
PFSI,PennyMac Financial Services Inc,페니맥 파이낸셜 서비스,Financial Services
PAM,Pampa Energia SA ADR,팜파 에네르히아 ADR,Industrials
KBR,KBR Inc,KBR,Industrials
RDN,Radian Group Inc,레이디언 그룹,Financial Services
MWA,Mueller Water Products Inc,뮬러 워터 프로덕츠,Industrials
BOOT,Boot Barn Holdings Inc,부트 반 홀딩스,Consumer Cyclical
GPGI,GPGI Inc,GPGI,Industrials
UNF,UniFirst Corp,유니퍼스트,Industrials
ALH,Alliance Laundry Holdings Inc,얼라이언스 론드리 홀딩스,Consumer Cyclical
CNR,Core Natural Resources Inc,코어 내추럴 리소시스,Energy
KEN,Kenon Holdings Ltd,케논 홀딩스,Utilities
MTN,Vail Resorts Inc,베일 리조트,Consumer Cyclical
HCC,Warrior Met Coal Inc,워리어 메트 콜,Basic Materials
MDU,MDU Resources Group Inc,MDU 리소시스 그룹,Utilities
SPHR,Sphere Entertainment Co,스피어 엔터테인먼트,Communication Services
ALK,Alaska Air Group Inc,알래스카 에어 그룹,Industrials
PHI,PLDT Inc ADR,PLDT ADR,Communication Services
SEI,Solaris Energy Infrastructure Inc,솔라리스 에너지 인프라스트럭처,Energy
ASB,Associated Banc-Corp,어소시에이티드 뱅크코프,Financial Services
ANF,Abercrombie & Fitch Co,애버크롬비 앤 피치,Consumer Cyclical
CAAP,Corporacion America Airports SA,코르포라시온 아메리카 에어포트,Industrials
BMI,Badger Meter Inc,배저 미터,Technology
BFAM,Bright Horizons Family Solutions Inc,브라이트 호라이즌스 패밀리 솔루션스,Consumer Cyclical
HIMS,Hims & Hers Health Inc,힘스 앤 허스 헬스,Healthcare
MTH,Meritage Homes Corp,메리티지 홈스,Consumer Cyclical
ESTC,Elastic NV,엘라스틱,Technology
LBRT,Liberty Energy Inc,리버티 에너지,Energy
SLGN,Silgan Holdings Inc,실간 홀딩스,Consumer Cyclical
VVV,Valvoline Inc,발볼린,Consumer Cyclical
JAN,Janus Living Inc,제이너스 리빙,Real Estate
TBBB,BBB Foods Inc,BBB 푸즈,Consumer Defensive
SKY,Champion Homes Inc,챔피언 홈스,Consumer Cyclical
NVST,Envista Holdings Corp,엔비스타 홀딩스,Healthcare
TDW,Tidewater Inc,타이드워터,Energy
WHD,Cactus Inc,캑터스,Energy
BCO,Brinks Co,브링크스,Industrials
OSCR,Oscar Health Inc,오스카 헬스,Healthcare
SFBS,ServisFirst Bancshares Inc,서비스퍼스트 뱅크셰어스,Financial Services
S,SentinelOne Inc,센티넬원,Technology
YSS,York Space Systems Inc,요크 스페이스 시스템스,Industrials
LPL,LG Display Co Ltd ADR,LG디스플레이 ADR,Technology
CSAN,Cosan SA ADR,코산 ADR,Energy
XXI,Twenty One Capital Inc,트웬티 원 캐피털,Financial Services
TPC,Tutor Perini Corp,튜터 페리니,Industrials
LAZ,Lazard Inc,라자드,Financial Services
FHI,Federated Hermes Inc,페더레이티드 에르메스,Financial Services
SHAK,Shake Shack Inc,셰이크쉑,Consumer Cyclical
ARIS,Aris Mining Corp,아리스 마이닝,Basic Materials
AD,Array Digital Infrastructure Inc,어레이 디지털 인프라스트럭처,Communication Services
THO,Thor Industries Inc,토르 인더스트리스,Consumer Cyclical
STVN,Stevanato Group SpA,스테바나토 그룹,Healthcare
MDA,Mda Space Ltd,MDA 스페이스,Industrials
LMND,Lemonade Inc,레모네이드,Financial Services
TAC,TransAlta Corp,트랜스알타,Utilities
CRGY,Crescent Energy Co,크레센트 에너지,Energy
NHI,National Health Investors Inc,내셔널 헬스 인베스터스,Real Estate
SKT,Tanger Inc,탠저,Real Estate
PVH,PVH Corp,PVH,Consumer Cyclical
UCB,United Community Banks Inc,유나이티드 커뮤니티 뱅크스,Financial Services
CUK,Carnival PLC ADR,카니발 PLC ADR,Consumer Cyclical
EPR,EPR Properties,EPR 프로퍼티스,Real Estate
ACHR,Archer Aviation Inc,아처 에비에이션,Industrials
HAFN,Hafnia Ltd,하프니아,Industrials
VSCO,Victoria's Secret & Co,빅토리아 시크릿 앤 코,Consumer Cyclical
TREX,Trex Company Inc,트렉스,Industrials
AZZ,AZZ Inc,AZZ,Industrials
CSTM,Constellium SE,콘스텔리움,Basic Materials
CMBT,CMB.TECH NV,CMB.TECH,Energy
GPI,Group 1 Automotive Inc,그룹 1 오토모티브,Consumer Cyclical
SKE,Skeena Resources Ltd,스키나 리소시스,Basic Materials
EE,Excelerate Energy Inc,엑셀러레이트 에너지,Energy
KTB,Kontoor Brands Inc,콘투어 브랜즈,Consumer Cyclical
DAN,Dana Inc,다나,Consumer Cyclical
TPH,Tri Pointe Homes Inc (Delaware),트라이 포인트 홈스,Consumer Cyclical
AAUC,Allied Gold Corp,얼라이드 골드,Basic Materials
SXT,Sensient Technologies Corp,센시언트 테크놀로지스,Basic Materials
BRC,Brady Corp,브래디,Industrials
JOE,St Joe Co,St Joe Co,Real Estate
CBT,Cabot Corp,캐벗,Basic Materials
BETA,BETA Technologies Inc,베타 테크놀로지스,Industrials
DOCS,Doximity Inc,독시미티,Healthcare
ABG,Asbury Automotive Group Inc,애즈베리 오토모티브 그룹,Consumer Cyclical
STNG,Scorpio Tankers Inc,스코르피오 탱커스,Energy
CGAU,Centerra Gold Inc,센터라 골드,Basic Materials
HRB,H & R Block Inc,H&R 블록,Consumer Cyclical
CNO,CNO Financial Group Inc,CNO 파이낸셜 그룹,Financial Services
CVSA,Covista Inc,코비스타,Consumer Defensive
ELF,elf Beauty Inc,엘프 뷰티,Consumer Defensive
MIAX,Miami International Holdings Inc,마이애미 인터내셔널 홀딩스,Financial Services
KAI,Kadant Inc,카단트,Industrials
HHH,Howard Hughes Holdings Inc,하워드 휴즈 홀딩스,Real Estate
LRN,Stride Inc,스트라이드,Consumer Defensive
BNL,Broadstone Net Lease Inc,브로드스톤 넷 리스,Real Estate
HGTY,Hagerty Inc,해거티,Financial Services
AXIA PR,Centrais Eletricas Brasileiras SA - Eletrobras ADR,센트라이스 일레트리카스 브라질레이라스 SA - 일렉트로브라스 ADR,Unknown
PRM,Perimeter Solutions Inc,페리미터 솔루션스,Basic Materials
AGO,Assured Guaranty Ltd,어슈어드 개런티,Financial Services
SII,Sprott Inc,스프로트,Financial Services
CUZ,Cousins Properties Inc,커진스 프로퍼티스,Real Estate
SIG,Signet Jewelers Ltd,시그넷 주얼러스,Consumer Cyclical
HGV,Hilton Grand Vacations Inc,힐튼 그랜드 베케이션스,Consumer Cyclical
CIG.C,Companhia Energ ADR Reptg One Ord Shs,컴파니아 에네르그 ADR 보통주 1주 대표,Unknown
WHR,Whirlpool Corp,월풀,Consumer Cyclical
INSW,International Seaways Inc,인터내셔널 시웨이스,Energy
RNST,Renasant Corp,레나상트,Financial Services
BBWI,Bath & Body Works Inc,배스 앤드 바디 웍스,Consumer Cyclical
OII,Oceaneering International Inc,오셔니어링 인터내셔널,Energy
WPP,WPP PLC ADR,WPP ADR,Communication Services
GFF,Griffon Corp,그리폰,Industrials
SMG,Scotts Miracle-Gro Co,스코츠 미라클-그로,Basic Materials
CDP,COPT Defense Properties,COPT 디펜스 프로퍼티스,Real Estate
ZETA,Zeta Global Holdings Corp,제타 글로벌 홀딩스,Technology
LEU,Centrus Energy Corp,센트러스 에너지,Energy
ENVA,Enova International Inc,에노바 인터내셔널,Financial Services
IRT,Independence Realty Trust  Inc,인디펜던스 리얼티 트러스트,Real Estate
GPOR,Gulfport Energy Corp,걸프포트 에너지,Energy
CNK,Cinemark Holdings Inc,시네마크 홀딩스,Communication Services
FBP,First BanCorp,퍼스트 밴코프,Financial Services
MMS,Maximus Inc,맥시머스,Industrials
BILL,BILL Holdings Inc,BILL 홀딩스,Technology
HP,Helmerich and Payne Inc,헬머리치 앤드 페인,Energy
BTU,Peabody Energy Corp,피바디 에너지,Energy
FUL,H.B. Fuller Company,H.B. 풀러,Basic Materials
AVA,Avista Corp,아비스타,Utilities
BKU,BankUnited Inc,뱅크유나이티드,Financial Services
AVNT,Avient Corp,애비언트,Basic Materials
FOUR,Shift4 Payments  Inc,시프트4 페이먼츠,Technology
COLD,Americold Realty Trust Inc,아메리콜드 리얼티 트러스트,Real Estate
NP,Neptune Insurance Holdings Inc,넵튠 인슈어런스 홀딩스,Financial Services
MTRN,Materion Corp,머티리온,Basic Materials
HRI,Herc Holdings Inc,허크 홀딩스,Industrials
SA,Seabridge Gold Inc,시브리지 골드,Basic Materials
AAP,Advance Auto Parts Inc,어드밴스 오토 파츠,Consumer Cyclical
CTRI,Centuri Holdings Inc,센투리 홀딩스,Utilities
FG,F&G Annuities & Life Inc,F&G 애뉴이티스 앤드 라이프,Financial Services
BBAR,Banco BBVA Argentina SA ADR,방코 BBVA 아르헨티나 ADR,Financial Services
CC,Chemours Co,케무어스,Basic Materials
GNW,Genworth Financial Inc,젠워스 파이낸셜,Financial Services
OLN,Olin Corp,올린,Basic Materials
NIC,Nicolet Bankshares  Inc,니콜렛 뱅크셰어스,Financial Services
BGSI,Boyd Group Services Inc,보이드 그룹 서비스,Consumer Cyclical
BXMT,Blackstone Mortgage Trust Inc,블랙스톤 모기지 트러스트,Real Estate
BFH,Bread Financial Holdings Inc,브레드 파이낸셜 홀딩스,Financial Services
KFY,Korn Ferry,콘 페리,Industrials
KRC,Kilroy Realty Corp,킬로이 리얼티,Real Estate
PAGS,PagSeguro Digital Ltd,팍세구로 디지털,Technology
SXI,Standex International Corp,스탠덱스 인터내셔널,Industrials
CNS,Cohen & Steers Inc,코언 앤드 스티어스,Financial Services
CBU,Community Financial System Inc,커뮤니티 파이낸셜 시스템,Financial Services
BKD,Brookdale Senior Living Inc,브룩데일 시니어 리빙,Healthcare
KBH,KB Home,KB 홈,Consumer Cyclical
NATL,NCR Atleos Corp,NCR 아틀레오스,Technology
MHO,M/I Homes Inc,M/I 홈스,Consumer Cyclical
ERO,Ero Copper Corp,에로 코퍼,Basic Materials
SMR,Nuscale Power Corp,뉴스케일 파워,Industrials
WBI,WaterBridge Infrastructure LLC,워터브리지 인프라스트럭처 LLC,Energy
FSM,Fortuna Mining Corp,포르투나 마이닝,Basic Materials
NSA,National Storage Affiliates Trust,내셔널 스토리지 어필리에이츠 트러스트,Real Estate
PII,Polaris Inc,폴라리스,Consumer Cyclical
CWEN.A,Clearway Energy Inc Class A,클리어웨이 에너지 클래스 A,Unknown
ZIM,ZIM Integrated Shipping Services Ltd,ZIM 통합 해운 서비스,Industrials
CALX,Calix Inc,칼릭스,Technology
CPK,Chesapeake Utilities Corp,체서피크 유틸리티스,Utilities
LION,Lionsgate Studios Corp,라이언스게이트 스튜디오스,Unknown
BOH,Bank of Hawaii Corp,뱅크 오브 하와이,Financial Services
HAYW,Hayward Holdings Inc,헤이워드 홀딩스,Industrials
NIQ,NIQ Global Intelligence PLC,NIQ 글로벌 인텔리전스 PLC,Unknown
OPLN,Openlane Inc,오픈레인,Consumer Cyclical
ZGN,Ermenegildo Zegna NV,에르메네질도 제냐,Consumer Cyclical
VTMX,Vesta Real Estate Corporation SAB de CV ADR,베스타 리얼에스테이트 코퍼레이션 SAB de CV ADR,Real Estate
AWR,American States Water Co,아메리칸 스테이츠 워터,Utilities
PAY,Paymentus Holdings Inc,페이먼터스 홀딩스,Technology
LCII,LCI Industries,LCI 인더스트리스,Consumer Cyclical
WK,Workiva Inc,워크바,Technology
ANDG,Andersen Group Inc,앤더슨 그룹,Consumer Cyclical
CWK,Cushman & Wakefield Ltd,쿠시먼 앤드 웨이크필드,Real Estate
HG,Hamilton Insurance Group Ltd,해밀턴 인슈어런스 그룹,Financial Services
AEO,American Eagle Outfitters Inc,아메리칸 이글 아웃피터스,Consumer Cyclical
BOX,Box Inc,박스,Technology
VSH,Vishay Intertechnology Inc,비쉐이 인터테크놀로지,Technology
CVI,CVR Energy Inc,CVR 에너지,Energy
BTE,Baytex Energy Corp,베이텍스 에너지,Energy
MANU,Manchester United PLC,맨체스터 유나이티드,Communication Services
BKV,BKV Corp,BKV,Energy
ATS,ATS Corp,ATS,Industrials
SDRL,Seadrill Ltd,시드릴,Energy
GRBK,Green Brick Partners Inc,그린 브릭 파트너스,Consumer Cyclical
APAM,Artisan Partners Asset Management Inc,아티잔 파트너스 애셋 매니지먼트,Financial Services
APLE,Apple Hospitality REIT Inc,애플 호스피털리티 리츠,Real Estate
KMT,Kennametal Inc,케나메탈,Industrials
PARR,Par Pacific Holdings Inc,파 퍼시픽 홀딩스,Energy
TTAM,Titan America SA,타이탄 아메리카,Basic Materials
RNG,RingCentral Inc,링센트럴,Technology
ITGR,Integer Holdings Corp,인티저 홀딩스,Healthcare
GBTG,Global Business Travel Group Inc,글로벌 비즈니스 트래블 그룹,Consumer Cyclical
MPT,Medical Properties Trust Inc,메디컬 프로퍼티스 트러스트,Real Estate
LXP,LXP Industrial Trust,LXP 인더스트리얼 트러스트,Real Estate
DBD,Diebold Nixdorf Inc,디볼드 닉스도르프,Technology
RCUS,Arcus Biosciences Inc,아커스 바이오사이언시스,Healthcare
ARX,Accelerant Holdings,액셀러런트 홀딩스,Financial Services
JKS,JinkoSolar Holding Co Ltd ADR,징코솔라 홀딩 ADR,Technology
PFS,Provident Financial Services Inc,프로비던트 파이낸셜 서비스,Financial Services
FBK,FB Financial Corp,FB 파이낸셜,Financial Services
UNFI,United Natural Foods Inc,유나이티드 내추럴 푸즈,Consumer Defensive
BCC,Boise Cascade Co,보이시 캐스케이드,Basic Materials
KD,Kyndryl Holdings Inc,킨드릴 홀딩스,Technology
GPK,Graphic Packaging Holding Co,그래픽 패키징 홀딩,Consumer Cyclical
CURB,Curbline Properties Corp.,커브라인 프로퍼티스,Real Estate
MSGE,Madison Square Garden Entertainment Corp,매디슨 스퀘어 가든 엔터테인먼트,Consumer Cyclical
BNT,Brookfield Wealth Solutions Ltd,브룩필드 웰스 솔루션스,Financial Services
BANC,Banc of California Inc,뱅크 오브 캘리포니아,Financial Services
EXK,Endeavour Silver Corp,엔데버 실버,Basic Materials
DHT,DHT Holdings Inc,DHT 홀딩스,Energy
FSK,FS KKR Capital Corp,FS KKR 캐피털,Financial Services
DBRG,DigitalBridge Group Inc,디지털브리지 그룹,Financial Services
BKE,Buckle Inc,버클,Consumer Cyclical
BWLP,BW LPG Ltd,BW LPG,Industrials
NOG,Northern Oil and Gas Inc,노던 오일 앤드 가스,Energy
CWT,California Water Service Group,캘리포니아 워터 서비스 그룹,Utilities
CON,Concentra Group Holdings Parent Inc,콘센트라 그룹 홀딩스 패런트,Healthcare
WU,Western Union Co,웨스턴 유니언,Financial Services
QTWO,Q2 Holdings Inc,Q2 홀딩스,Technology
YETI,Yeti Holdings Inc,예티 홀딩스,Consumer Cyclical
PHIN,Phinia Inc,피니아,Consumer Cyclical
FCPT,Four Corners Property Trust Inc,포 코너스 프로퍼티 트러스트,Real Estate
IHS,IHS Holding Ltd,IHS 홀딩,Real Estate
HNGE,Hinge Health Inc,힌지 헬스,Healthcare
TRN,Trinity Industries Inc,트리니티 인더스트리스,Industrials
HTGC,Hercules Capital Inc,허큘리스 캐피털,Financial Services
DRD,DRDGOLD Ltd ADR,DRDGOLD ADR,Basic Materials
DX,Dynex Capital Inc,다이넥스 캐피털,Real Estate
WOR,Worthington Enterprises  Inc,워딩턴 엔터프라이즈,Industrials
SAM,Boston Beer Company Inc,보스턴 비어 컴퍼니,Consumer Defensive
SLG,SL Green Realty Corp,SL 그린 리얼티,Real Estate
HE,Hawaiian Electric Industries Inc,하와이안 일렉트릭 인더스트리스,Utilities
LEN.B,Lennar Corp Class B,레나 클래스 B,Unknown
SPNT,Siriuspoint Ltd,시리우스포인트,Financial Services
HAE,Haemonetics Corp,헤모네틱스,Healthcare
BBT,Beacon Financial Corp,비컨 파이낸셜,Financial Services
AKR,Acadia Realty Trust,아카디아 리얼티 트러스트,Real Estate
PBH,Prestige Consumer Healthcare Inc,프레스티지 컨슈머 헬스케어,Healthcare
RXO,RXO Inc,RXO,Industrials
NGVT,Ingevity Corp,인제비티,Basic Materials
UE,Urban Edge Properties,어반 엣지 프로퍼티스,Real Estate
CALY,Callaway Golf Co,캘러웨이 골프,Consumer Cyclical
MH,McGraw Hill Inc,맥그로 힐,Consumer Defensive
TNK,Teekay Tankers Ltd,티케이 탱커스,Energy
ASH,Ashland Inc,애슐랜드,Basic Materials
WRBY,Warby Parker Inc,워비 파커,Healthcare
EFXT,Enerflex Ltd,에너플렉스,Energy
RLX,RLX Technology Inc ADR,RLX 테크놀로지 ADR,Consumer Defensive
CEPU,Central Puerto SA ADR,센트럴 푸에르토 ADR,Utilities
CUBI,Customers Bancorp Inc,커스터머스 뱅코프,Financial Services
INFQ,Infleqtion Inc,인플렉션,Technology
GRDN,Guardian Pharmacy Services Inc,가디언 파머시 서비스,Healthcare
CXT,Crane NXT Co,크레인 NXT,Industrials
RHI,Robert Half Inc,로버트 하프,Industrials
HNI,HNI Corp,HNI,Consumer Cyclical
IVT,Inventrust Properties Corp,인벤트러스트 프로퍼티스,Real Estate
HOG,Harley-Davidson Inc,Harley-Davidson Inc,Consumer Cyclical
DK,Delek US Holdings Inc,델렉 US 홀딩스,Energy
AMBP,Ardagh Metal Packaging SA,아다그 메탈 패키징,Consumer Cyclical
AMR,Alpha Metallurgical Resources Inc,알파 메탈러지컬 리소시스,Basic Materials
TALO,Talos Energy Inc,탈로스 에너지,Energy
HLIO,Helios Technologies Inc,헬리오스 테크놀로지스,Industrials
HIW,Highwoods Properties Inc,하이우즈 프로퍼티스,Real Estate
KN,Knowles Corp,노울스,Technology
HUN,Huntsman Corp,헌츠맨,Basic Materials
GEO,Geo Group Inc,지오 그룹,Industrials
FIGS,Figs Inc,피그스,Consumer Cyclical
BW,Babcock & Wilcox Enterprises Inc,배브콕 앤드 윌콕스 엔터프라이즈,Industrials
AERO,Grupo Aeromexico SAB de CV ADR,그루포 에어로멕시코 ADR,Industrials
RH,RH,RH,Consumer Cyclical
VAC,Marriott Vacations Worldwide Corp,메리어트 베케이션스 월드와이드,Consumer Cyclical
TDC,Teradata Corp,테라데이타,Technology
CPRI,Capri Holdings Ltd,카프리 홀딩스,Consumer Cyclical
NWN,Northwest Natural Holding Co,노스웨스트 내추럴 홀딩,Utilities
CCU,Compania Cervecerias Unidas SA ADR,콤파니아 세르베세리아스 우니다스 ADR,Consumer Defensive
ABM,ABM Industries Inc,ABM 인더스트리스,Industrials
ATKR,Atkore Inc,앳코어,Industrials
AMPX,Amprius Technologies Inc,앰프리우스 테크놀로지스,Industrials
CDLR,Cadeler A/S ADR,카델러 ADR,Industrials
BRSL,Brightstar Lottery PLC,브라이트스타 로터리 PLC,Consumer Cyclical
TGS,Transportadora de Gas del Sur SA ADR,트랜스포르타도라 데 가스 델 수르 ADR,Energy
PK,Park Hotels & Resorts Inc,파크 호텔스 앤드 리조츠,Real Estate
SAH,Sonic Automotive Inc,소닉 오토모티브,Consumer Cyclical
MANE,Veradermics Inc,베라더믹스,Healthcare
DNOW,DNOW Inc,DNOW,Industrials
KWR,Quaker Chemical Corp,퀘이커 케미컬,Basic Materials
MTX,Minerals Technologies Inc,미네랄스 테크놀로지스,Basic Materials
BB,BlackBerry Ltd,블랙베리,Technology
HTH,Hilltop Holdings Inc,힐탑 홀딩스,Financial Services
AKO.B,Embotelladora Andina SA ADR Series B,엠보텔라도라 안디나 ADR 시리즈 B,Unknown
WT,WisdomTree Inc,위즈덤트리,Financial Services
NTB,Bank of NT Butterfield & Son Ltd,뱅크 오브 N.T. 버터필드 앤드 선,Financial Services
BHE,Benchmark Electronics Inc,벤치마크 일렉트로닉스,Technology
GRND,Grindr Inc,그라인더,Technology
AAMI,Acadian Asset Management Inc,아카디안 애셋 매니지먼트,Financial Services
ALG,Alamo Group Inc,앨러모 그룹,Industrials
FMC,FMC Corp,FMC,Basic Materials
ATHM,Autohome Inc ADR,오토홈 ADR,Communication Services
STUB,Stubhub Holdings  Inc,스텁허브 홀딩스,Communication Services
ARR,ARMOUR Residential REIT Inc,아머 레지덴셜 REIT,Real Estate
DAC,Danaos Corp,다나오스,Industrials
VGNT,Versigent PLC,버시전트 PLC,Consumer Cyclical
CMRE,Costamare Inc,코스타마레,Industrials
WTTR,Select Water Solutions Inc,셀렉트 워터 솔루션스,Energy
DXC,DXC Technology Co,DXC 테크놀로지,Technology
DCO,Ducommun Inc,듀커먼,Industrials
OGN,Organon & Co,오가논,Healthcare
ROG,Rogers Corp,로저스,Technology
WSO.B,Watsco Inc Class B,왓스코 클래스 B,Unknown
GNL,Global Net Lease Inc,글로벌 넷 리스,Real Estate
VVX,V2X Inc,V2X,Industrials
BHC,Bausch Health Companies Inc,보쉬 헬스 컴퍼니즈,Healthcare
IMAX,Imax Corp,아이맥스,Communication Services
FUN,Six Flags Entertainment Corp,식스 플래그스 엔터테인먼트,Consumer Cyclical
SEM,Select Medical Holdings Corp,셀렉트 메디컬 홀딩스,Healthcare
GTY,Getty Realty Corp,게티 리얼티,Real Estate
FDP,Fresh Del Monte Produce Inc,프레시 델몬테 프로듀스,Consumer Defensive
ECO,Okeanis Eco Tankers Corp,오케아니스 에코 탱커스,Industrials
AGRO,Adecoagro SA,아데코아그로,Consumer Defensive
CXW,CoreCivic Inc,코어시빅,Industrials
GEF.B,Greif Inc Class B,그라이프 클래스 B,Unknown
HCI,Hci Group Inc,HCI 그룹,Financial Services
FLOC,Flowco Holdings Inc,플로코 홀딩스,Energy
LTC,LTC Properties Inc,LTC 프로퍼티스,Real Estate
STC,Stewart Information Services Corp,스튜어트 인포메이션 서비스,Financial Services
NTST,Netstreit Corp,넷스트리트,Real Estate
SOC,Sable Offshore Corp,세이블 오프쇼어,Energy
VET,Vermilion Energy Inc,버밀리언 에너지,Energy
FCF,First Commonwealth Financial Corp,퍼스트 커먼웰스 파이낸셜,Financial Services
STEL,Stellar Bancorp Inc,스텔라 뱅코프,Financial Services
XPRO,Expro Group Holdings NV,엑스프로 그룹 홀딩스,Energy
UTI,Universal Technical Institute Inc,유니버설 테크니컬 인스티튜트,Consumer Defensive
GLOB,Globant SA,글로반트,Technology
TGLS,Tecnoglass Inc,테크노글라스,Basic Materials
EPAC,Enerpac Tool Group Corp,에너팩 툴 그룹,Industrials
NBHC,National Bank Holdings Corp,내셔널 뱅크 홀딩스,Financial Services
TR,Tootsie Roll Industries Inc,투시 롤 인더스트리스,Consumer Defensive
COTY,Coty Inc,코티,Consumer Defensive
SPB,Spectrum Brands Holdings Inc,스펙트럼 브랜즈 홀딩스,Consumer Defensive
KMPR,Kemper Corp,켐퍼,Financial Services
OFG,OFG Bancorp,OFG 뱅코프,Financial Services
SID,Companhia Siderurgica Nacional SA ADR,콘파니아 시데루르지카 나시오날 ADR,Basic Materials
ARCO,Arcos Dorados Holdings Inc,아르코스 도라도스 홀딩스,Consumer Cyclical
AKO.A,Embotelladora Andina SA ADR Series A,엠보테야도라 안디나 ADR 시리즈 A,Unknown
GRC,Gorman- Rupp Co,고먼-럽,Industrials
PRKS,United Parks & Resorts Inc,유나이티드 파크스 앤드 리조트,Consumer Cyclical
SEMR,SEMrush Holdings Inc,SEMrush 홀딩스,Technology
HMN,Horace Mann Educators Corp,호레이스 만 에듀케이터스,Financial Services
SHO,Sunstone Hotel Investors Inc,선스톤 호텔 인베스터스,Real Estate
BORR,Borr Drilling Ltd,보르 드릴링,Energy
INVX,Innovex International Inc,이노벡스 인터내셔널,Energy
RVLV,Revolve Group Inc,리볼브 그룹,Consumer Cyclical
WMK,Weis Markets Inc,와이즈 마켓츠,Consumer Defensive
THR,Thermon Group Holdings Inc,서몬 그룹 홀딩스,Industrials
BRBR,Bellring Brands Inc,벨링 브랜즈,Consumer Defensive
MD,Pediatrix Medical Group Inc,페디아트릭스 메디컬 그룹,Healthcare
ATEN,A10 Networks Inc,A10 네트웍스,Technology
AORT,Artivion Inc,아티비온,Healthcare
RDW,Redwire Corp,레드와이어,Industrials
VOYG,Voyager Technologies Inc,보이저 테크놀로지스,Industrials
WS,Worthington Steel Inc,워딩턴 스틸,Basic Materials
SMA,SmartStop Self Storage REIT Inc,스마트스톱 셀프 스토리지 REIT,Real Estate
VRE,Veris Residential Inc,베리스 레지덴셜,Real Estate
CCS,Century Communities Inc,센추리 커뮤니티스,Real Estate
GEF,Greif Inc Class A,그라이프 클래스 A,Consumer Cyclical
FLO,Flowers Foods Inc,플라워스 푸즈,Consumer Defensive
EVTC,Evertec Inc,에버텍,Technology
FIHL,Fidelis Insurance Holdings Ltd,피델리스 인슈어런스 홀딩스,Financial Services
TSLX,Sixth Street Specialty Lending Inc,식스 스트리트 스페셜티 렌딩,Financial Services
BLX,Banco Latinoamericano de Comercio Exterior SA,방코 라티노아메리카노 데 코메르시오 엑스테리어르,Financial Services
LC,LendingClub Corp,렌딩클럽,Financial Services
SLVM,Sylvamo Corp,실바모,Basic Materials
TNET,TriNet Group Inc,트라이넷 그룹,Industrials
AVAL,Grupo Aval Acciones y Valores SA ADR,그루포 아발 악시오네스 이 바로레스 ADR,Financial Services
OI,O-i Glass  Inc,오아이 글라스,Consumer Cyclical
LOB,Live Oak Bancshares Inc,라이브 오크 뱅크셰어스,Financial Services
PUMP,ProPetro Holding Corp,프로페트로 홀딩,Energy
GBX,Greenbrier Companies Inc,그린브라이어 컴퍼니즈,Industrials
PBI,Pitney Bowes Inc,피트니 보우스,Industrials
CTOS,Custom Truck One Source Inc,커스텀 트럭 원 소스,Industrials
INSP,Inspire Medical Systems Inc,인스파이어 메디컬 시스템즈,Healthcare
RAMP,Liveramp Holdings Inc,라이브램프 홀딩스,Technology
LU,Lufax Holding Ltd ADR,루팍스 홀딩 ADR,Financial Services
ADNT,Adient PLC,애디언트 PLC,Consumer Cyclical
WLY,John Wiley & Sons Inc Class A,존 와일리 앤드 선스 클래스 A,Communication Services
NVRI,Enviri Corp,엔비리,Industrials
NUVB,Nuvation Bio Inc,누베이션 바이오,Healthcare
CYD,China Yuchai International Ltd,차이나 유차이 인터내셔널,Consumer Cyclical
AIN,Albany International Corp,올버니 인터내셔널,Consumer Cyclical
BBAI,BigBear.ai Holdings Inc,빅베어.ai 홀딩스,Technology
SFL,SFL Corporation Ltd,SFL 코퍼레이션,Industrials
WD,Walker & Dunlop Inc,워커 앤드 던롭,Financial Services
HLF,Herbalife Ltd,허벌라이프,Consumer Defensive
DCOM,Dime Community Bancshares Inc,다임 커뮤니티 뱅크셰어스,Financial Services
DEI,Douglas Emmett Inc,더글러스 에밋,Real Estate
TV,Grupo Televisa SAB ADR,그루포 텔레비사 ADR,Communication Services
FLNG,FLEX LNG Ltd,플렉스 LNG,Energy
EFC,Ellington Financial Inc,엘링턴 파이낸셜,Real Estate
TIC,TIC Solutions Inc,TIC 솔루션즈,Industrials
TPB,Turning Point Brands Inc,터닝 포인트 브랜즈,Consumer Defensive
PEB,Pebblebrook Hotel Trust,페블브룩 호텔 트러스트,Real Estate
NEXA,Nexa Resources SA,넥사 리소시스,Basic Materials
CTS,CTS Corp,CTS,Technology
KOS,Kosmos Energy Ltd,코스모스 에너지,Energy
BY,Byline Bancorp Inc,바이라인 뱅코프,Financial Services
ARI,Apollo Commercial Real Estate Finance Inc,아폴로 커머셜 리얼에스테이트 파이낸스,Real Estate
ASGN,ASGN Inc,ASGN,Technology
YELP,Yelp Inc,옐프,Communication Services
TFIN,Triumph Financial Inc,트라이엄프 파이낸셜,Financial Services
KSS,Kohls Corp,콜스,Consumer Cyclical
SNDA,Sonida Senior Living Inc,소니다 시니어 리빙,Healthcare
KW,Kennedy-Wilson Holdings Inc,케네디-윌슨 홀딩스,Real Estate
DV,Doubleverify Holdings Inc,더블베리파이 홀딩스,Communication Services
ECVT,Ecovyst Inc,에코비스트,Basic Materials
CBZ,CBIZ Inc,CBIZ,Industrials
LPG,Dorian LPG Ltd,도리안 LPG,Energy
BOBS,Bob's Discount Furniture  Inc,밥스 디스카운트 퍼니처,Consumer Cyclical
PRGO,Perrigo Company PLC,페리고 컴퍼니 PLC,Healthcare
DOLE,Dole PLC,돌 PLC,Consumer Defensive
AGM,Federal Agricultural Mortgage Corp Class C,페더럴 애그리컬처럴 모기지 클래스 C,Financial Services
RES,RPC Inc,RPC,Energy
PRLB,Proto Labs Inc,프로토 랩스,Industrials
TEO,Telecom Argentina SA ADR,텔레콤 아르헨티나 ADR,Communication Services
TUYA,Tuya Inc ADR,투야 ADR,Technology
ABR,Arbor Realty Trust Inc,아버 리얼티 트러스트,Real Estate
TROX,Tronox Holdings PLC,트로녹스 홀딩스,Basic Materials
REX,REX American Resources Corp,REX 아메리칸 리소시스,Basic Materials
LAC,Lithium Americas Corp,리튬 아메리카스,Basic Materials
XHR,Xenia Hotels & Resorts Inc,제니아 호텔스 앤드 리조츠,Real Estate
VTOL,Bristow Group Inc,브리스토 그룹,Energy
IIPR,Innovative Industrial Properties Inc,이노베이티브 인더스트리얼 프로퍼티스,Real Estate
BHVN,Biohaven Ltd,바이오헤이븐,Healthcare
HLX,Helix Energy Solutions Group Inc,헬릭스 에너지 솔루션스 그룹,Energy
DQ,Daqo New Energy Corp ADR,다코 뉴 에너지 ADR,Technology
NOMD,Nomad Foods Ltd,노마드 푸즈,Consumer Defensive
ARLO,Arlo Technologies Inc,알로 테크놀로지스,Industrials
CDRE,Cadre Holdings Inc,카드레 홀딩스,Industrials
XZO,Exzeo Group Inc,엑스지오 그룹,Financial Services
ORC,Orchid Island Capital Inc,오키드 아일랜드 캐피털,Real Estate
BIO.B,Bio Rad Laboratories Inc Class B,바이오래드 래버러토리스 클래스 B,Unknown
AESI,Atlas Energy Solutions Inc,아틀라스 에너지 솔루션스,Energy
AMRC,Ameresco Inc,아메레스코,Industrials
OBK,Origin Bancorp Inc,오리진 뱅코프,Financial Services
SBH,Sally Beauty Holdings Inc,샐리 뷰티 홀딩스,Consumer Cyclical
UAA,Under Armour Inc Class A,언더아머 클래스 A,Consumer Cyclical
WWW,Wolverine World Wide Inc,울버린 월드와이드,Consumer Cyclical
ENOV,Enovis Corp,에노비스,Healthcare
GSL,Global Ship Lease Inc,글로벌 쉽 리스,Industrials
CLVT,Clarivate PLC,클래리베이트,Technology
TNC,Tennant Co,테넌트,Industrials
DCH,Dauch Corp,도크,Consumer Cyclical
LEG,Leggett & Platt Inc,레겟 앤드 플랫,Consumer Cyclical
RHLD,Resolute Holdings Management  Inc,리졸루트 홀딩스 매니지먼트,Industrials
CXM,Sprinklr Inc,스프링클러,Technology
LOMA,Loma Negra Compania Industrial Argentina SA ADR,로마 네그라 콤파니아 인두스트리알 아르헨티나 ADR,Basic Materials
SILA,Sila Realty Trust Inc,실라 리얼티 트러스트,Real Estate
LZB,La-Z-Boy Inc,라지보이,Consumer Cyclical
ARDT,Ardent Health Inc,아던트 헬스,Healthcare
CRI,Carter's Inc,카터스,Consumer Cyclical
MUX,McEwen Inc,맥이웬,Basic Materials
FUBO,FuboTV Inc,푸보TV,Communication Services
UVV,Universal Corp,유니버설,Consumer Defensive
UAMY,United States Antimony Corp,유나이티드 스테이츠 안티모니,Basic Materials
FOR,Forestar Group Inc,포레스타 그룹,Real Estate
UMH,UMH Properties Inc,UMH 프로퍼티스,Real Estate
MAN,ManpowerGroup Inc,맨파워그룹,Industrials
CBL,CBL & Associates Properties Inc,CBL 앤드 어소시에이츠 프로퍼티스,Real Estate
ASAN,Asana Inc,아사나,Technology
IRS,IRSA Inversiones y Representaciones SA ADR,IRSA 인베르시오네스 이 레프레센타시오네스 ADR,Real Estate
DFH,Dream Finders Homes Inc,드림 파인더스 홈스,Consumer Cyclical
BKSY,Blacksky Technology Inc,블랙스카이 테크놀로지,Industrials
SVV,Savers Value Village Inc,세이버스 밸류 빌리지,Consumer Cyclical
NVGS,Navigator Holdings Ltd,내비게이터 홀딩스,Energy
DLX,Deluxe Corp,디럭스,Industrials
GIC,Global Industrial Co,글로벌 인더스트리얼,Industrials
AGBK,AGI Inc,AGI,Financial Services
ENR,Energizer Holdings Inc,에너자이저 홀딩스,Industrials
LADR,Ladder Capital Corp,래더 캐피털,Real Estate
ASA,ASA Gold And Precious Metals Limited,ASA 골드 앤드 프레셔스 메탈스,Financial Services
NPKI,NPK International Inc,NPK 인터내셔널,Energy
FINV,FinVolution Group ADR,핀볼루션 그룹 ADR,Financial Services
RYZ,Ryerson Holding Corp,라이어슨 홀딩,Industrials
NAT,Nordic American Tankers Ltd,노르딕 아메리칸 탱커스,Energy
PRA,Proassurance Corp,프로어슈어런스,Financial Services
ALX,Alexander's Inc,알렉산더스,Real Estate
GOLD,Gold.com Inc,골드닷컴,Financial Services
IDT,IDT Corp,IDT,Communication Services
DFIN,Donnelley Financial Solutions Inc,도널리 파이낸셜 솔루션스,Technology
UA,Under Armour Inc Class C,언더아머 클래스 C,Consumer Cyclical
AI,C3.ai Inc,C3.ai,Technology
VIA,Via Transportation Inc,비아 트랜스포테이션,Technology
WKC,World Kinect Corp,월드 킨텍트,Energy
NBR,Nabors Industries Ltd,네이버스 인더스트리스,Energy
RLJ,RLJ Lodging Trust,RLJ 로징 트러스트,Real Estate
BHLB,Berkshire Hills Bancorp Inc,버크셔 힐스 뱅코프,Unknown
PDS,Precision Drilling Corp(Calgary),프리시전 드릴링,Energy
KODK,Eastman Kodak Co,이스트만 코닥,Industrials
LSPD,Lightspeed Commerce Inc,라이트스피드 커머스,Technology
DAO,Youdao Inc ADR,유다오 ADR,Consumer Defensive
KUKE,Kuke Music Holding Ltd ADR,쿠크 뮤직 홀딩 ADR,Unknown
TE,T1 Energy Inc,T1 에너지,Industrials
LUCK,Lucky Strike Entertainment Corp,럭키 스트라이크 엔터테인먼트,Consumer Cyclical
DEC,Diversified Energy Co,다이버시파이드 에너지,Energy
TTI,Tetra Technologies Inc,테트라 테크놀지스,Industrials
PRSU,Pursuit Attractions and Hospitality Inc,퍼슈트 어트랙션스 앤드 호스피탤리티,Consumer Cyclical
LAR,Lithium Argentina AG,리튬 아르헨티나 AG,Basic Materials
AAT,American Assets Trust Inc,아메리칸 애셋츠 트러스트,Real Estate
CCO,Clear Channel Outdoor Holdings Inc,클리어 채널 아웃도어 홀딩스,Communication Services
PRG,PROG Holdings Inc,PROG 홀딩스,Industrials
SCL,Stepan Co,스테판,Basic Materials
USPH,US Physical Therapy Inc,US 피지컬 테라피,Healthcare
LUXE,LuxExperience BV ADR,럭스익스피리언스 ADR,Consumer Cyclical
TEN,Tsakos Energy Navigation Ltd,차코스 에너지 내비게이션,Energy
TWO,Two Harbors Investment Corp,투 하버스 인베스트먼트,Real Estate
LNN,Lindsay Corp,린지,Industrials
VSTS,Vestis Corp,베스티스,Industrials
MCB,Metropolitan Bank Holding Corp,메트로폴리탄 뱅크 홀딩,Financial Services
PRO,Pros Holdings Inc,프로스 홀딩스,Unknown
CNMD,Conmed Corp,콘메드,Healthcare
BV,Brightview Holdings Inc,브라이트뷰 홀딩스,Industrials
OPY,Oppenheimer Holdings Inc,오펜하이머 홀딩스,Financial Services
MBC,Masterbrand Inc,마스터브랜드,Consumer Cyclical
CIM,Chimera Investment Corp,키메라 인베스트먼트,Real Estate
GOOS,Canada Goose Holdings Inc,캐나다 구스 홀딩스,Consumer Cyclical
WOLF,Wolfspeed Inc,울프스피드,Technology
TK,Teekay Corp Ltd,티케이,Energy
PLOW,Douglas Dynamics Inc,더글러스 다이내믹스,Consumer Cyclical
HQH,abrdn Healthcare Investors,애버딘 헬스케어 인베스터스,Financial Services
UTZ,UTZ Brands Inc,UTZ 브랜즈,Consumer Defensive
SAFE,Safehold Inc,세이프홀드,Real Estate
CMP,Compass Minerals International Inc,컴퍼스 미네랄스 인터내셔널,Basic Materials
BFLY,Butterfly Network Inc,버터플라이 네트워크,Healthcare
DEA,Easterly Government Properties Inc,이스털리 거버먼트 프로퍼티스,Real Estate
YALA,Yalla Group Ltd ADR,얄라 그룹 ADR,Technology
INR,Infinity Natural Resources Inc,인피니티 내추럴 리소시스,Energy
ODC,Oil-Dri Corporation of America,오일드라이 코퍼레이션 오브 아메리카,Basic Materials
CSR,Centerspace,센터스페이스,Real Estate
MOG.B,Moog Inc Class B,무그 클래스 B,Unknown
EPC,Edgewell Personal Care Co,에지웰 퍼스널 케어,Consumer Defensive
FSCO,FS Credit Opportunities Corp.,FS 크레딧 오퍼튜니티스,Financial Services
GENI,Genius Sports Ltd,지니어스 스포츠,Communication Services
NPK,National Presto Industries Inc,내셔널 프레스토 인더스트리스,Industrials
GSBD,Goldman Sachs BDC Inc,골드만삭스 BDC,Financial Services
EVMN,Evommune Inc,에보뮨,Healthcare
MFA,MFA Financial Inc,MFA 파이낸셜,Real Estate
PXED,Phoenix Education Partners Inc,피닉스 에듀케이션 파트너스,Consumer Defensive
GHM,Graham Corp,그레이엄,Industrials
PMT,PennyMac Mortgage Investment Trust,페니맥 모기지 인베스트먼트 트러스트,Real Estate
GNK,Genco Shipping & Trading Ltd,젠코 시핑 앤드 트레이딩,Industrials
ASIC,Ategrity Specialty Insurance Company Holdings,애티그리티 스페셜티 인슈어런스 컴퍼니 홀딩스,Financial Services
ODV,Osisko Development Corp,오시스코 디벨롭먼트,Basic Materials
MMI,Marcus & Millichap Inc,마커스 앤드 밀리챕,Real Estate
BTGO,BitGo Holdings Inc,비트고 홀딩스,Financial Services
TDAY,USA TODAY Co Inc,USA 투데이,Communication Services
UTL,Unitil Corp,유니틸,Utilities
UHAL,U-Haul Holding Co,U-홀딩 홀딩,Industrials
LXU,LSB Industries Inc,LSB 인더스트리스,Basic Materials
NSP,Insperity Inc,인스페리티,Industrials
SBSI,Southside Bancshares Inc,사우스사이드 뱅크셰어스,Financial Services
WSR,Whitestone REIT,휘트스톤 REIT,Real Estate
EQBK,Equity Bancshares Inc,에쿼티 뱅크셰어스,Financial Services
AMTB,Amerant Bancorp Inc,아메란트 뱅코프,Financial Services
UVE,Universal Insurance Holdings Inc,유니버설 인슈어런스 홀딩스,Financial Services
XIFR,XPLR Infrastructure LP,XPLR 인프라스트럭처 LP,Utilities
BUR,Burford Capital Ltd,버퍼드 캐피털,Financial Services
EVEX,Eve Holding Inc,이브 홀딩,Industrials
ACEL,Accel Entertainment Inc,액셀 엔터테인먼트,Consumer Cyclical
TDOC,Teladoc Health Inc,텔라닥 헬스,Healthcare
KBDC,Kayne Anderson BDC Inc,케인 앤더슨 BDC,Financial Services
NX,Quanex Building Products Corp,콰넥스 빌딩 프로덕츠,Industrials
WGO,Winnebago Industries Inc,위네바고 인더스트리스,Consumer Cyclical
VLRS,Controladora Vuela Compania de Aviacion SAB de CV ADR,콘트롤라도라 부엘라 콤파니아 데 아비아시온 ADR,Industrials
VRTS,Virtus Investment Partners Inc,버투스 인베스트먼트 파트너스,Financial Services
TBN,Tamboran Resources Corp,탬보런 리소시스,Energy
EEX,Emerald Holding Inc,에메랄드 홀딩,Communication Services
COUR,Coursera Inc,코세라,Consumer Defensive
CPAC,Cementos Pacasmayo SAA ADR,세멘토스 파카스마요 ADR,Basic Materials
VYX,NCR Voyix Corp,NCR 보익스,Technology
CPF,Central Pacific Financial Corp,센트럴 퍼시픽 파이낸셜,Financial Services
ESRT,Empire State Realty Trust Inc,엠파이어 스테이트 리얼티 트러스트,Real Estate
BBDC,Barings BDC Inc,베어링스 BDC,Financial Services
JMIA,Jumia Technologies AG ADR,주미아 테크놀로지스 ADR,Consumer Cyclical
SUPV,Grupo Supervielle SA ADR,그루포 수페르비에예 ADR,Financial Services
PDM,Piedmont Realty Trust Inc,피드몬트 리얼티 트러스트,Real Estate
JBGS,JBG SMITH Properties,JBG 스미스 프로퍼티스,Real Estate
PFLT,PennantPark Floating Rate Capital Ltd,페넌트파크 플로팅 레이트 캐피털,Financial Services
SMP,Standard Motor Products Inc,스탠더드 모터 프로덕츠,Consumer Cyclical
MYE,Myers Industries Inc,마이어스 인더스트리스,Consumer Cyclical
NABL,N-Able Inc,엔에이블,Technology
BFS,Saul Centers Inc,사울 센터스,Real Estate
EIG,Employers Holdings Inc,엠플로이어스 홀딩스,Financial Services
AMC,AMC Entertainment Holdings Inc,AMC 엔터테인먼트 홀딩스,Communication Services
BCSF,Bain Capital Specialty Finance Inc,베인 캐피털 스페셜티 파이낸스,Financial Services
HRTG,Heritage Insurance Holdings Inc,헤리티지 인슈어런스 홀딩스,Financial Services
MEG,Montrose Environmental Group Inc,몬트로즈 인바이런멘털 그룹,Industrials
SKYH,Sky Harbour Group Corp,스카이 하버 그룹,Real Estate
BOW,Bowhead Specialty Holdings Inc,보우헤드 스페셜티 홀딩스,Financial Services
SDHC,Smith Douglas Homes Corp,스미스 더글러스 홈스,Real Estate
PKST,Peakstone Realty Trust,피크스톤 리얼티 트러스트,Real Estate
ABX,Abacus Global Management Inc,아바커스 글로벌 매니지먼트,Financial Services
CSV,Carriage Services Inc,캐리지 서비스,Consumer Cyclical
CLB,Core Laboratories Inc,코어 래버러토리스,Energy
MKC.V,Mccormick & Co Voting Ord Shs,맥코믹 보팅 오디너리 셰어스,Unknown
IBTA,Ibotta Inc,아이보타,Technology
RPC,Ridgepost Capital Inc,RPC,Financial Services
HTB,HomeTrust Bancshares Inc,홈트러스트 뱅크셰어스,Financial Services
KRO,Kronos Worldwide Inc,크로노스 월드와이드,Basic Materials
BRSP,Brightspire Capital Inc,브라이트스파이어 캐피털,Real Estate
CODI,Compass Diversified Holdings,컴퍼스 다이버시파이드 홀딩스,Industrials
ACVA,ACV Auctions Inc,ACV 옥션스,Consumer Cyclical
JBI,Janus International Group Inc,야누스 인터내셔널 그룹,Industrials
NMAX,Newsmax Inc,뉴스맥스,Communication Services
NXP,Nuveen Select Tax-Free Income Portfolio,누빈 셀렉트 택스-프리 인컴 포트폴리오,Financial Services
GFR,Greenfire Resources Ltd,그린파이어 리소시스,Energy
GRNT,Granite Ridge Resources Inc,그래닛 리지 리소시스,Energy
VEL,Velocity Financial Inc,벨로시티 파이낸셜,Financial Services
CWH,Camping World Holdings Inc,캠핑 월드 홀딩스,Consumer Cyclical
RWT,Redwood Trust Inc,레드우드 트러스트,Real Estate
IVR,Invesco Mortgage Capital Inc,인베스코 모기지 캐피털,Real Estate
MTUS,Metallus Inc,메탈러스,Basic Materials
CVLG,Covenant Logistics Group Inc,코버넌트 로지스틱스 그룹,Industrials
SG,Sweetgreen Inc,스위트그린,Consumer Cyclical
HUYA,HUYA Inc ADR,HUYA ADR,Communication Services
KOP,Koppers Holdings Inc,코퍼스 홀딩스,Basic Materials
AMN,AMN Healthcare Services Inc,AMN 헬스케어 서비스,Healthcare
VTS,Vitesse Energy Inc,비테스 에너지,Energy
EHAB,Enhabit Inc,엔해빗,Healthcare
ANRO,Alto Neuroscience Inc,Alto Neuroscience Inc,Healthcare
SMBK,SmartFinancial Inc,스마트파이낸셜,Financial Services
FBRT,Franklin BSP Realty Trust Inc,프랭클린 BSP 리얼티 트러스트,Real Estate
IIIN,Insteel Industries Inc,인스틸 인더스트리즈,Industrials
BWMX,Betterware de Mexico SAPI de CV,베터웨어 데 멕시코,Consumer Cyclical
OPFI,OppFi Inc,옵피,Financial Services
VTEX,VTEX,VTEX,Technology
OIS,Oil States International Inc,오일 스테이츠 인터내셔널,Energy
BH,Biglari Holdings Inc Class B,빅라리 홀딩스 클래스 B,Consumer Cyclical
FET,Forum Energy Technologies Inc,포럼 에너지 테크놀로지스,Energy
NOAH,Noah Holdings Ltd ADR,노아 홀딩스 ADR,Financial Services
TCBX,Third Coast Bancshares Inc,서드 코스트 뱅크셰어스,Financial Services
OFRM,Once Upon A Farm PBC,원스 어폰 어 팜 PBC,Consumer Defensive
HIPO,Hippo Holdings Inc,히포 홀딩스,Financial Services
AVNS,Avanos Medical Inc,아바노스 메디컬,Healthcare
NCDL,Nuveen Churchill Direct Lending Corp,누빈 처칠 다이렉트 렌딩,Financial Services
SB,Safe Bulkers Inc,세이프 벌커스,Industrials
VPG,Vishay Precision Group Inc,비쉐이 프리시전 그룹,Technology
RGR,Sturm Ruger & Company Inc,스터름 루거,Industrials
EDN,Empresa Distribuidora y Comercializadora Norte SA ADR,엠프레사 디스트리부이도라 이 코메르시알리사도라 노르테 ADR,Utilities
HY,Hyster-Yale Inc,하이스터-예일,Industrials
NPB,Northpointe Bancshares Inc,노스포인트 뱅크셰어스,Financial Services
MNTN,MNTN Inc,MNTN,Technology
SPIR,Spire Global Inc,스파이어 글로벌,Industrials
OXM,Oxford Industries Inc,옥스퍼드 인더스트리즈,Consumer Cyclical
GDOT,Green Dot Corp,그린 닷,Financial Services
BZH,Beazer Homes USA Inc,비저 홈스 USA,Consumer Cyclical
BAK,Braskem SA ADR,브라스켐 ADR,Basic Materials
NXRT,NexPoint Residential Trust Inc,넥스포인트 레지덴셜 트러스트,Real Estate
ASIX,AdvanSix Inc,어드밴식스,Basic Materials
CTO,CTO Realty Growth Inc,CTO 리얼티 그로스,Real Estate
HSHP,Himalaya Shipping Ltd,히말라야 쉬핑,Industrials
ASC,Ardmore Shipping Corp,아드모어 쉬핑,Industrials
OPTU,Optimum Communications Inc,옵티멈 커뮤니케이션스,Communication Services
PKE,Park Aerospace Corp,파크 에어로스페이스,Industrials
RYAM,Rayonier Advanced Materials Inc,레이오니어 어드밴스드 머티리얼스,Basic Materials
TRTX,TPG RE Finance Trust Inc,TPG RE 파이낸스 트러스트,Real Estate
HZO,MarineMax Inc,마린맥스,Consumer Cyclical
DXYZ,Destiny Tech100 Inc,데스티니 테크100,Financial Services
AMBQ,Ambiq Micro Inc,앰빅 마이크로,Technology
SSTK,Shutterstock Inc,셔터스톡,Communication Services
CINT,Ci&T Inc,Ci&T,Technology
NGVC,Natural Grocers by Vitamin Cottage Inc,내추럴 그로서스 바이 비타민 코티지,Consumer Defensive
RERE,ATRenew Inc ADR,ATRenew ADR,Consumer Cyclical
UHT,Universal Health Realty Income Trust,유니버설 헬스 리얼티 인컴 트러스트,Real Estate
DDL,Dingdong (Cayman) Ltd ADR,딩동 ADR,Consumer Defensive
EGY,VAALCO Energy Inc,발코 에너지,Energy
AHRT,AH Realty Trust  Inc,AH 리얼티 트러스트,Real Estate
BCSS,Bain Capital GSS Investment Corp,베인 캐피털 GSS 인베스트먼트,Financial Services
RSKD,Riskified Ltd,리스키파이드,Technology
MCS,Marcus Corp,마커스,Communication Services
AIV,Apartment Investment and Management Co,아파트먼트 인베스트먼트 앤드 매니지먼트,Real Estate
MAX,Mediaalpha Inc,미디어알파,Communication Services
CNNE,Cannae Holdings Inc,캐니 홀딩스,Consumer Cyclical
NRGV,Energy Vault Holdings Inc,에너지 볼트 홀딩스,Utilities
SD,SandRidge Energy Inc,샌드리지 에너지,Energy
HOV,Hovnanian Enterprises Inc,호브내니언 엔터프라이즈,Consumer Cyclical
ETD,Ethan Allen Interiors Inc,이선 앨런 인테리어스,Consumer Cyclical
EBF,Ennis Inc,에니스,Industrials
FTK,Flotek Industries Inc,플로텍 인더스트리즈,Energy
CARS,Cars.com Inc,카즈닷컴,Communication Services
TWI,Titan International Inc,타이탄 인터내셔널,Industrials
NXDR,Nextdoor Holdings Inc,넥스트도어 홀딩스,Communication Services
MLR,Miller Industries Inc,밀러 인더스트리스,Consumer Cyclical
GPRK,GeoPark Ltd,지오파크,Energy
SMC,Summit Midstream Corp,서밋 미드스트림,Energy
CPS,Cooper-Standard Holdings Inc,쿠퍼-스탠더드 홀딩스,Consumer Cyclical
PSTL,Postal Realty Trust Inc,포스털 리얼티 트러스트,Real Estate
KFRC,Kforce Inc,케이포스,Industrials
SXC,SunCoke Energy Inc,선코크 에너지,Basic Materials
MG,Mistras Group Inc,미스트라스 그룹,Industrials
MSC,Studio City International Holdings Ltd ADR,스튜디오 시티 인터내셔널 홀딩스 ADR,Consumer Cyclical
CABO,Cable One Inc,케이블 원,Communication Services
BALY,Bally's Corp,밸리스,Consumer Cyclical
HQL,abrdn Life Sciences Investors,애버딘 라이프 사이언스 인베스터스,Financial Services
GUG,Guggenheim Active Allocation CEF,구겐하임 액티브 얼로케이션 CEF,Financial Services
TRC,Tejon Ranch Co,테혼 랜치,Industrials
INN,Summit Hotel Properties Inc,서밋 호텔 프로퍼티스,Real Estate
HKD,AMTD Digital Inc ADR,AMTD 디지털 ADR,Technology
ECC,Eagle Point Credit Company Inc,이글 포인트 크레딧 컴퍼니,Financial Services
FPI,Farmland Partners Inc,팜랜드 파트너스,Real Estate
VCV,Invesco California Value Muni Inc Tr,인베스코 캘리포니아 밸류 뮤니 인컴 트러스트,Financial Services
IPI,Intrepid Potash Inc,인트레피드 포타시,Basic Materials
ZKH,ZKH Group Ltd ADR,ZKH 그룹 ADR,Consumer Cyclical
PD,PagerDuty Inc,페이저듀티,Technology
OLP,One Liberty Properties Inc,원 리버티 프로퍼티스,Real Estate
ATH PR E,Athene Holding Ltd DRC,애선 홀딩 DRC,Unknown
PHR,Phreesia Inc,프리시아,Healthcare
PAR,PAR Technology Corp,PAR 테크놀로지,Technology
WDH,Waterdrop Inc ADR,워터드롭 ADR,Financial Services
CHCT,Community Healthcare Trust Inc,커뮤니티 헬스케어 트러스트,Real Estate
BBW,Build-A-Bear Workshop Inc,빌드-어-베어 워크숍,Consumer Cyclical
ADCT,ADC Therapeutics SA,ADC 테라퓨틱스,Healthcare
GOTU,Gaotu Techedu Inc ADR,가오투 테크에듀 ADR,Consumer Defensive
MATV,Mativ Holdings Inc,매티브 홀딩스,Basic Materials
ORN,Orion Group Holdings Inc,오리온 그룹 홀딩스,Industrials
NGS,Natural Gas Services Group Inc,내추럴 가스 서비스 그룹,Energy
MTW,Manitowoc Company Inc,매니토웍 컴퍼니,Industrials
GTN,Gray Media Inc,그레이 미디어,Communication Services
XRN,Chiron Real Estate Inc,카이론 리얼에스테이트,Real Estate
LDI,loanDepot Inc,론디포,Financial Services
BDN,Brandywine Realty Trust,브랜디와인 리얼티 트러스트,Real Estate
CYH,Community Health Systems Inc,커뮤니티 헬스 시스템즈,Healthcare
BGS,B&G Foods Inc,B&G 푸즈,Consumer Defensive
CBAN,Colony Bankcorp Inc,콜로니 뱅코프,Financial Services
AUNA,Auna SA,아우나,Healthcare
BXC,Bluelinx Holdings Inc,블루링크스 홀딩스,Industrials
CAL,Caleres Inc,칼레어스,Consumer Cyclical
EBS,Emergent BioSolutions Inc,이머전트 바이오솔루션스,Healthcare
CMDB,Costamare Bulkers Holdings Ltd,코스타마레 벌커스 홀딩스,Industrials
MOV,Movado Group Inc,모바도 그룹,Consumer Cyclical
LND,BrasilAgro - Companhia Brasileira de Propriedades Agricolas ADR,브라질아그로 ADR,Consumer Defensive
YEXT,Yext Inc,예스트,Technology
MEC,Mayville Engineering Company Inc,메이빌 엔지니어링 컴퍼니,Industrials
ANGX,Angel Studios Inc,엔젤 스튜디오스,Communication Services
AVBC,Avidia Bancorp Inc,아비디아 뱅코프,Financial Services
KREF,KKR Real Estate Finance Trust Inc,KKR 리얼 에스테이트 파이낸스 트러스트,Real Estate
WTI,W&T Offshore Inc,W&T 오프쇼어,Energy
CLDT,Chatham Lodging Trust,채텀 로징 트러스트,Real Estate
HTT,High Templar Tech Ltd ADR,하이 템플러 테크 ADR,Financial Services
LEO,BNY Mellon Strategic Municipals Inc,BNY 멜론 스트래티직 뮤니시펄스,Financial Services
RNGR,Ranger Energy Services Inc,레인저 에너지 서비스,Energy
VHI,Valhi Inc,발하이,Basic Materials
NC,NACCO Industries Inc,NACCO 인더스트리스,Energy
NOA,North American Construction Group Ltd,노스 아메리칸 컨스트럭션 그룹,Energy
DNA,Ginkgo Bioworks Holdings Inc,징코 바이오웍스 홀딩스,Healthcare
GNE,Genie Energy Ltd,지니 에너지,Utilities
OEC,Orion SA,오리온 SA,Basic Materials
BOC,Boston Omaha Corp,보스턴 오마하,Industrials
BLND,Blend Labs Inc,블렌드 랩스,Technology
HLLY,Holley Inc,홀리,Consumer Cyclical
PSFE,Paysafe Ltd,페이세이프,Technology
SOR,Source Capital Beneficial Interest,소스 캐피털,Financial Services
NUS,NU Skin Enterprises Inc,뉴 스킨 엔터프라이즈,Consumer Defensive
WNC,Wabash National Corp,와바시 내셔널,Industrials
OOMA,Ooma Inc,우마,Technology
BH.A,Biglari Holdings Inc Class A,빅라리 홀딩스 클래스 A,Unknown
FVRR,Fiverr International Ltd,파이버 인터내셔널,Communication Services
UP,Wheels Up Experience Inc,휠스 업 익스피리언스,Industrials
AII,American Integrity Insurance Group Inc,아메리칸 인테그리티 인슈어런스 그룹,Financial Services
FVR,FrontView REIT Inc,프론트뷰 리츠,Real Estate
ONIT,Onity Group Inc,오니티 그룹,Financial Services
XPOF,Xponential Fitness Inc,엑스포넨셜 피트니스,Consumer Cyclical
WEAV,Weave Communications Inc,위브 커뮤니케이션스,Healthcare
QUAD,Quad/Graphics Inc,쿼드/그래픽스,Industrials
MCI,Barings Corporate Investors,베어링스 코퍼레이트 인베스터스,Financial Services
NMG,Nouveau Monde Graphite Inc,누보 몽드 그래파이트,Basic Materials
SES,SES AI Corp,SES AI,Consumer Cyclical
TCI,Transcontinental Realty Investors Inc,트랜스컨티넨털 리얼티 인베스터스,Real Estate
MAGN,Magnera Corp,마그네라,Consumer Defensive
SAR,Saratoga Investment Corp,새러토가 인베스트먼트,Financial Services
KLC,Kindercare Learning Companies Inc,킨더케어 러닝 컴퍼니스,Consumer Defensive
GETY,Getty Images Holdings Inc,게티 이미지스 홀딩스,Communication Services
CION,Cion Investment Corp,사이온 인베스트먼트,Financial Services
FPH,Five Point Holdings LLC,파이브 포인트 홀딩스 LLC,Real Estate
BBBY,Bed Bath & Beyond Inc,베드 배스 앤드 비욘드,Unknown
LXFR,Luxfer Holdings PLC,럭스퍼 홀딩스 PLC,Industrials
DIN,Dine Brands Global Inc,다인 브랜즈 글로벌,Consumer Cyclical
LVWR,LiveWire Group Inc,라이브와이어 그룹,Consumer Cyclical
NPWR,NET Power Inc,NET 파워,Industrials
SBXE,SilverBox Corp V,실버박스 V,Financial Services
LZM,Lifezone Metals Ltd,라이프존 메탈스,Basic Materials
GCO,Genesco Inc,제네스코,Consumer Cyclical
RM,Regional Management Corp,리저널 매니지먼트,Financial Services
USNA,USANA Health Sciences Inc,유사나 헬스 사이언스,Consumer Defensive
CMTG,Claros Mortgage Trust Inc,클라로스 모기지 트러스트,Real Estate
HVT,Haverty Furniture Companies Inc,해버티 퍼니처 컴퍼니스,Consumer Cyclical
BNED,Barnes & Noble Education Inc,반스 앤드 노블 에듀케이션,Consumer Cyclical
KFS,Kingsway Financial Services Inc,킹스웨이 파이낸셜 서비스,Consumer Cyclical
WLYB,John Wiley & Sons Inc Class B,존 와일리 앤드 선즈 클래스 B,Communication Services
AGL,agilon health inc,애질론 헬스,Healthcare
PACK,Ranpak Holdings Corp,랜팩 홀딩스,Consumer Cyclical
DBI,Designer Brands Inc,디자이너 브랜즈,Consumer Cyclical
HPP,Hudson Pacific Properties Inc,허드슨 퍼시픽 프로퍼티스,Real Estate
MLP,Maui Land & Pineapple Company Inc,마우이 랜드 앤드 파인애플,Real Estate
PSBD,Palmer Square Capital BDC Inc,팔머 스퀘어 캐피털 BDC,Financial Services
CRD.A,Crawford & Co Class A,크로퍼드 앤드 컴퍼니 클래스 A,Unknown
ASPN,Aspen Aerogels Inc,아스펜 에어로젤스,Industrials
PINE,Alpine Income Property Trust Inc,알파인 인컴 프로퍼티 트러스트,Real Estate
COSO,CoastalSouth Bancshares Inc,코스털사우스 뱅크셰어스,Financial Services
SI,Shoulder Innovations Inc,숄더 이노베이션스,Unknown
DSX,Diana Shipping Inc,다이애나 쉬핑,Industrials
CVEO,Civeo Corp,시베오,Consumer Cyclical
MBI,MBIA Inc,MBIA,Financial Services
TG,Tredegar Corp,트레더가,Industrials
CTEV,Claritev Corp,클래리티브,Healthcare
EVC,Entravision Communications Corp,엔트라비전 커뮤니케이션스,Communication Services
PNNT,Pennantpark Investment Corp,페넌트파크 인베스트먼트,Financial Services
YSG,Yatsen Holding Ltd ADR,이센 홀딩 ADR,Consumer Defensive
ZH,Zhihu Inc ADR,즈후 ADR,Communication Services
NL,NL Industries Inc,NL 인더스트리스,Industrials
HBB,Hamilton Beach Brands Holding Co,해밀턴 비치 브랜즈 홀딩,Consumer Cyclical
SEG,Seaport Entertainment Group Inc,시포트 엔터테인먼트 그룹,Real Estate
SITC,Site Centers Corp,사이트 센터스,Real Estate
FTW,Presidio Production Co,프레시디오 프로덕션,Energy
CIA,Citizens Inc,시티즌스,Financial Services
ALIT,Alight Inc,얼라이트,Technology
DDD,3D Systems Corp,3D 시스템즈,Technology
ACRE,Ares Commercial Real Estate Corp,아레스 커머셜 리얼 에스테이트,Real Estate
SBXD,SilverBox Corp IV,실버박스 IV,Financial Services
XPER,Xperi Inc,엑스페리,Technology
SCM,Stellus Capital Investment Corp,스텔러스 캐피털 인베스트먼트,Financial Services
ACCO,ACCO Brands Corp,아코 브랜즈,Industrials
XFLT,XAI Octagon Floating Rate & Alternative Income Tr,XAI 옥타곤 변동금리 및 대체소득 트러스트,Financial Services
SMRT,SmartRent Inc,스마트렌트,Technology
EVH,Evolent Health Inc,에볼런트 헬스,Healthcare
MPX,Marine Products Corp,마린 프로덕츠,Consumer Cyclical
BRT,BRT Apartments Corp,BRT 아파트먼츠,Real Estate
RC,Ready Capital Corp,레디 캐피털,Real Estate
NREF,Nexpoint Real Estate Finance Inc,넥스포인트 리얼 에스테이트 파이낸스,Real Estate
BKKT,Bakkt Inc,백트,Technology
SPCE,Virgin Galactic Holdings Inc,버진 갤럭틱 홀딩스,Industrials
CLW,Clearwater Paper Corp,클리어워터 페이퍼,Basic Materials
MITT,TPG Mortgage Investment Trust Inc,TPG 모기지 인베스트먼트 트러스트,Real Estate
FC,Franklin Covey Co,프랭클린 코비,Consumer Defensive
AMPY,Amplify Energy Corp,앰플리파이 에너지,Energy
ARL,American Realty Investors Inc,아메리칸 리얼티 인베스터스,Real Estate
EVTL,Vertical Aerospace Ltd,버티컬 에어로스페이스,Industrials
MEI,Methode Electronics Inc,메소드 일렉트로닉스,Technology
CBNA,Chain Bridge Bancorp Inc,체인 브리지 뱅코프,Financial Services
NXDT,NexPoint Diversified Real Estate Trust,넥스포인트 다각화 리얼 에스테이트 트러스트,Real Estate
DAVA,Endava PLC ADR,엔다바 ADR,Technology
LAW,CS Disco Inc,CS 디스코,Technology
AOMR,Angel Oak Mortgage REIT Inc,엔젤 오크 모기지 REIT,Real Estate
SMHI,SEACOR Marine Holdings Inc,시코어 마린 홀딩스,Industrials
TPVG,Triplepoint Venture Growth BDC Corp,트리플포인트 벤처 그로스 BDC,Financial Services
SPMC,Sound Point Meridian Capital Inc,사운드 포인트 메리디안 캐피털,Financial Services
SMWB,Similarweb Ltd,시밀러웹,Technology
ACH,Accendra Health Inc,액센드라 헬스,Healthcare
CRD.B,Crawford & Co Class B,크로퍼드 앤드 컴퍼니 클래스 B,Unknown
BRCC,BRC Inc,BRC,Consumer Defensive
BEBE,TGE Value Creative Solutions Corp,TGE 밸류 크리에이티브 솔루션스,Financial Services
ALTG,Alta Equipment Group Inc,알타 이큅먼트 그룹,Industrials
EAF,GrafTech International Ltd,그래프테크 인터내셔널,Industrials
AGM.A,Federal Agricultural Mortgage Corp Class A,페더럴 애그리컬처럴 모기지 클래스 A,Unknown
ELME,Elme Communities,엘미 커뮤니티스,Real Estate
AXIA PR C,Centrais Eletricas Brasileiras SA - Eletrobras ADR,센트라이스 일레트리카스 브라질레이라스 SA - 일렉트로브라스 ADR,Unknown
CURV,Torrid Holdings Inc,토리드 홀딩스,Consumer Cyclical
MPV,Barings Participation Investors,베어링스 파티시페이션 인베스터스,Financial Services
OSG,Octave Specialty Group Inc,옥타브 스페셜티 그룹,Financial Services
FF,FutureFuel Corp,퓨처퓨얼,Basic Materials
JILL,JJill Inc,제이제이일,Consumer Cyclical
ZEPP,Zepp Health Corp ADR,제프 헬스 ADR,Technology
ZIP,Ziprecruiter Inc,집리크루터,Communication Services
NLOP,Net Lease Office Properties,넷 리스 오피스 프로퍼티스,Real Estate
LANV,Lanvin Group Holdings Ltd,랑방 그룹 홀딩스,Consumer Cyclical
CMCM,Cheetah Mobile Inc ADR,치타 모바일 ADR,Communication Services
XYF,X Financial ADR,엑스 파이낸셜 ADR,Financial Services
BHR,Braemar Hotels & Resorts Inc,브레이마 호텔스 앤드 리조츠,Real Estate
AP,Ampco-Pittsburgh Corp,앰프코-피츠버그,Industrials
PERF,Perfect Corp,퍼펙트,Technology
KORE,KORE Group Holdings Inc,코어 그룹 홀딩스,Communication Services
CANG,Cango Inc,캉고,Financial Services
FOA,Finance of America Companies Inc,파이낸스 오브 아메리카 컴퍼니스,Financial Services
NRDY,Nerdy Inc,너디,Technology
WHG,Westwood Holdings Group Inc,웨스트우드 홀딩스 그룹,Financial Services
SRI,Stoneridge Inc,스토너리지,Consumer Cyclical
MDV,Modiv Industrial Inc,모디브 인더스트리얼,Real Estate
YRD,Yiren Digital Ltd ADR,이런 디지털 ADR,Financial Services
TLYS,Tillys Inc,틸리스,Consumer Cyclical
UIS,Unisys Corp,유니시스,Technology
AXR,AMREP Corp,AMREP,Real Estate
VLN,Valens Semiconductor Ltd,발렌스 세미컨덕터,Technology
DOUG,Douglas Elliman Inc,더글러스 엘리먼,Real Estate
OWLT,Owlet Inc,아울렛,Healthcare
XFLH,XFLH Capital Corp,XFLH 캐피털,Financial Services
SRG,Seritage Growth Properties,세리티지 그로스 프로퍼티스,Real Estate
ACR,Acres Commercial Realty Corp,에이커스 커머셜 리얼티,Real Estate
GRX,Gabelli Healthcare & WellnessRx Trust,가벨리 헬스케어 앤 웰니스Rx 트러스트,Financial Services
TRAK,ReposiTrak Inc,리포지트랙,Technology
DHX,DHI Group Inc,DHI 그룹,Technology
ONL,Orion Properties Inc,오리온 프로퍼티스,Real Estate
CHPT,ChargePoint Holdings Inc,차지포인트 홀딩스,Consumer Cyclical
GHG,GreenTree Hospitality Group Ltd ADR,그린트리 호스피털리티 그룹 ADR,Consumer Cyclical
TAP.A,Molson Coors Beverage Co Class A,몰슨 쿠어스 베버리지 클래스 A,Unknown
SLQT,SelectQuote Inc,셀렉트쿼트,Financial Services
AKA,AKA Brands Holding Corp,AKA 브랜즈 홀딩,Consumer Cyclical
RMAX,Re/Max Holdings Inc,리맥스 홀딩스,Real Estate
VATE,Innovate Corp,이노베이트,Industrials
MED,Medifast Inc,메디패스트,Consumer Cyclical
GTN.A,Gray Media Inc Class A,그레이 미디어 클래스 A,Unknown
RPT,Rithm Property Trust Inc,리듬 프로퍼티 트러스트,Real Estate
MX,Magnachip Semiconductor Corp,매그나칩 세미컨덕터,Technology
TSQ,Townsquare Media Inc,타운스퀘어 미디어,Communication Services
TBI,TrueBlue Inc,트루블루,Industrials
SOL,Emeren Group Ltd ADR,이머런 그룹 ADR,Unknown
CHMI,Cherry Hill Mortgage Investment Corp,체리 힐 모기지 인베스트먼트,Real Estate
JELD,JELD-WEN Holding Inc,젤드웬 홀딩,Industrials
GCTS,GCT Semiconductor Holding Inc,GCT 세미컨덕터 홀딩,Technology
CHGG,Chegg Inc,체그,Consumer Defensive
COOK,Traeger Inc,트래거,Consumer Cyclical
AMWL,American Well Corp,아메리칸 웰,Healthcare
SRFM,Surf Air Mobility Inc,서프 에어 모빌리티,Industrials
IH,iHuman Inc ADR,아이휴먼 ADR,Consumer Defensive
ZVIA,Zevia PBC,제비아 PBC,Consumer Defensive
STEM,Stem Inc,스템,Utilities
PEW,GrabAGun Digital Holdings Inc,그랩어건 디지털 홀딩스,Industrials
AMTD,AMTD IDEA Group ADR,AMTD 아이디어 그룹 ADR,Financial Services
SPRU,Spruce Power Holding Corp,스프루스 파워 홀딩,Technology
BARK,Bark Inc,바크,Consumer Cyclical
TISI,Team Inc,팀,Industrials
PDCC,Pearl Diver Credit Company Inc,펄 다이버 크레디트 컴퍼니,Financial Services
TGE,Generation Essentials Group,제너레이션 에센셜스 그룹,Financial Services
UFI,Unifi Inc,유니파이,Consumer Cyclical
BGSF,BGSF Inc,BGSF,Industrials
AVD,American Vanguard Corp,아메리칸 밴가드,Basic Materials
RFL,Rafael Holdings Inc,라파엘 홀딩스,Real Estate
LFT,Lument Finance Trust Inc,루먼트 파이낸스 트러스트,Real Estate
GPMT,Granite Point Mortgage Trust Inc,그래니트 포인트 모기지 트러스트,Real Estate
CATO,Cato Corp,케이토,Consumer Cyclical
GROV,Grove Collaborative Holdings Inc,그로브 콜래버레이티브 홀딩스,Consumer Defensive
CLPR,Clipper Realty Inc,클리퍼 리얼티,Real Estate
WBX,Wallbox NV,월박스,Technology
STG,Sunlands Technology Group ADR,선랜즈 테크놀로지 그룹 ADR,Consumer Defensive
ANVS,Annovis Bio Inc,애노비스 바이오,Healthcare
SQNS,Sequans Communications SA ADR,시퀀스 커뮤니케이션스 ADR,Technology
LITB,LightInTheBox Holding Co Ltd ADR,라이트인더박스 홀딩 ADR,Consumer Cyclical
SKIL,Skillsoft Corp,스킬소프트,Consumer Defensive
SKLZ,Skillz Inc,스킬즈,Communication Services
OPAD,Offerpad Solutions Inc,오퍼패드 솔루션스,Real Estate
NTZ,Natuzzi SpA ADR,나투지 ADR,Consumer Cyclical
LOCL,Local Bounti Corp,로컬 바운티,Consumer Defensive
GWH,ESS Tech Inc,ESS 테크,Industrials
HVT.A,Haverty Furniture Companies Inc Class A,하버티 퍼니처 컴퍼니스 클래스 A,Unknown
SST,System1 Inc,시스템1,Industrials
FEDU,Four Seasons Education (Cayman) Inc ADR,포시즌스 에듀케이션(케이맨) ADR,Consumer Defensive
PSQH,PSQ Holdings Inc,PSQ 홀딩스,Technology
NYC,American Strategic Investment Co,아메리칸 스트래티직 인베스트먼트,Real Estate
CNF,CNFinance Holdings Ltd ADR,CN파이낸스 홀딩스 ADR,Financial Services
FENG,Phoenix New Media Ltd ADR,피닉스 뉴 미디어 ADR,Communication Services
EQS,Equus Total Return，Inc.,이퀴스 토털 리턴,Financial Services
MOGU,Mogu Inc ADR,모구 ADR,Consumer Cyclical
SLAI,SOLAI Ltd ADR,SOLAI ADR,Technology
CCM,Concord Medical Services Holdings Ltd ADR,콩코드 메디컬 서비스 홀딩스 ADR,Healthcare
GJH,STRATS SM Untd States Cell 6.375 Structured Repackaged Aset Backed Securits,미국 셀룰러 6.375% 구조화 재포장 자산유동화증권 STRATS SM,Unknown
SOS,Sos Ltd,SOS,Financial Services
GJR,STRATS SM Floating Rate Structured Repackaged Asset Backed Gamble Securities,프록터 앤드 갬블 증권용 변동금리 구조화 재포장 자산유동화증권 STRATS SM,Unknown
RZB,Reinsurance Group of America 5.75 Fixed To Floating Rate Subordinated,리인슈어런스 그룹 오브 아메리카 5.75% 고정-변동 후순위채,
RAL WI,Ralliant Corp,랠리언트,Unknown
Q WI,Qnity Electronics Inc,큐니티 일렉트로닉스,Unknown
VGNT WI,Versigent Ltd,버시전트,Unknown
